Name,star,num,type,address,image,Address,Local_Address,Internet_Address,Call_Number,Rating,Sun,Mon,Tues,Wedn,Thur,Fri,Sat,keyword
간사이 공항,40.0,44.0,관광센터,"1 Senshukukonaka, Tajiri-cho, Sennan-gun, 오사카",https://media-cdn.tripadvisor.com/media/photo-s/15/4b/d3/79/outlook.jpg,"일본 〒549-0011 오사카부 Sennan District, 다지리조 센슈쿠코나카",〒549-0011 大阪府泉南郡田尻町泉州空港中,,,4.2,24시간 영업,24시간 영업,24시간 영업,24시간 영업,24시간 영업,24시간 영업,24시간 영업,
교세라 돔 오사카,40.0,323.0,스포츠 컴플렉스,"Naka 2-1 3-Chome Chiyozaki, Nishi-Ku, 오사카, 오사카",https://media-cdn.tripadvisor.com/media/photo-s/08/93/b4/dc/caption.jpg,"3 Chome-中２−１ Chiyozaki, Nishi Ward, Osaka, 550-0023 일본",〒550-0023 大阪府大阪市西区千代崎３丁目中２−１,http://www.kyoceradome-osaka.jp/,+81 6-6586-0106,4.1,오전 11:00~오후 7:00,휴무일,오전 11:00~오후 7:00,오전 11:00~오후 7:00,오전 11:00~오후 7:00,오전 11:00~오후 7:00,오전 11:00~오후 7:00,"['음식', '경기장', '음식점', '쇼핑', '게임', '야구', '콘서트', '사진', '옛날']"
구로몬시장,40.0,3234.0,즐길거리 & 랜드마크,"2-4-1, Nippombashi, Chuo, 오사카, 오사카",https://media-cdn.tripadvisor.com/media/photo-s/0d/bf/ef/a1/vista-de-uma-loja.jpg,"2 Chome Nipponbashi, Chuo Ward, Osaka, 542-0073 일본",〒542-0073 大阪府大阪市中央区日本橋２丁目,kuromon.com,없음,4.1,오전 9:00~오후 6:00,오전 9:00~오후 6:00,오전 9:00~오후 6:00,오전 9:00~오후 6:00,오전 9:00~오후 6:00,오전 9:00~오후 6:00,오전 9:00~오후 6:00,"['배', '음식', '쇼핑', '백화점', '기념품', '사진', '드럭스토어', '시장', '먹거리', '골목', '전통']"
국립국제미술관,35.0,200.0,즐길거리 & 랜드마크,"4-2-55 Nakanoshima, Kita-ku, 오사카, 오사카",https://media-cdn.tripadvisor.com/media/photo-s/11/88/a8/76/photo0jpg.jpg,"4 Chome-2-55 Nakanoshima, Kita Ward, Osaka, 530-0005 일본",〒530-0005 大阪府大阪市北区中之島４丁目２−55,https://www.nmao.go.jp/,+81 6-6447-4680,4.1,오전 10:00~오후 5:00,휴무일,오전 10:00~오후 5:00,오전 10:00~오후 5:00,오전 10:00~오후 5:00,오전 10:00~오후 8:00,오전 10:00~오후 8:00,"['카페', '그림', '전시회', '작품', '사진', '과학관', '박물관', '무료']"
국립문락극장,45.0,164.0,시어터,"1-12-10, Nippombashi, Chuo, 오사카, 오사카",https://media-cdn.tripadvisor.com/media/photo-s/16/13/3c/52/13.jpg,"1 Chome-12-10 Nipponbashi, Chuo Ward, Osaka, 542-0073 일본",〒542-0073 大阪府大阪市中央区日本橋１丁目１２−10,http://www.ntj.jac.go.jp/bunraku.html,+81 6-6212-2531,4.1,홈페이지 참조,홈페이지 참조,홈페이지 참조,홈페이지 참조,홈페이지 참조,홈페이지 참조,홈페이지 참조,"['무료', '극장', '체험', '인형', '꽃', '전통', '음식', '사진', '역사', '공연', '박물관', '옛날']"
그랜드 프론트 오사카,40.0,530.0,쇼핑몰,"Ofukacho, Kita-Ku, 오사카, 오사카",https://media-cdn.tripadvisor.com/media/photo-s/08/29/21/89/caption.jpg,"4-20 Ofukacho, Kita Ward, Osaka, 530-0011 일본",〒530-0011 大阪府大阪市北区大深町４−20,http://www.grandfront-osaka.jp/,+81 6-6372-6300,4.0,오전 11:00~오후 9:00,오전 11:00~오후 9:00,오전 11:00~오후 9:00,오전 11:00~오후 9:00,오전 11:00~오후 9:00,오전 11:00~오후 9:00,오전 11:00~오후 9:00,"['카페', '산책', '체험', '음식', '쇼핑몰', '음식점', '백화점', '야경', '광장', '휴식', '사진', '쇼핑', '옷', '무료']"
기시와다성,40.0,113.0,성,"9-1 Kishikicho, 키시와다, 오사카",https://media-cdn.tripadvisor.com/media/photo-s/17/63/b0/d4/dsc-0263-largejpg.jpg,"9-1 Kishikicho, Kishiwada, Osaka 596-0073 일본",〒596-0073 大阪府岸和田市岸城町９−1,http://www.city.kishiwada.osaka.jp/soshiki/36/kishiwadajyo.html,+81 72-431-3251,4.0,오전 10:00~오후 8:30,오전 10:00~오후 5:00,오전 10:00~오후 5:00,오전 10:00~오후 5:00,오전 10:00~오후 5:00,오전 10:00~오후 8:30,오전 10:00~오후 8:30,"['무료', '산책', '공원', '성', '신사', '역사', '사진', '산', '전망대', '박물관', '옛날']"
나가이 공원,40.0,235.0,가든,"Nagaikoen, Higashisumiyoshiku, 오사카, 오사카",https://media-cdn.tripadvisor.com/media/photo-s/09/72/83/7f/caption.jpg,"1-1 Nagaikoen, Higashisumiyoshi Ward, Osaka, 546-0034 일본",〒546-0034 大阪府大阪市東住吉区長居公園１−1,http://www.nagai-park.jp/,+81 6-6694-9007,4.1,24시간 영업,24시간 영업,24시간 영업,24시간 영업,24시간 영업,24시간 영업,24시간 영업,"['놀이기구', '카페', '무료', '어린이', '축구', '산책', '공원', '꽃', '식물원', '경기장', '수영장', '광장', '휴식', '콘서트', '자전거', '박물관', '옛날']"
나가이 얀마스타디움,40.0,104.0,스포츠 컴플렉스,"1-1 Nagaikoen Higashisumiyoshiku, 오사카, 오사카",https://media-cdn.tripadvisor.com/media/photo-s/0a/bb/de/c8/vista-desde-la-tribuna.jpg,"1-1 Nagaikoen, Higashisumiyoshi Ward, Osaka, 546-0034 일본",〒546-0034 大阪府大阪市東住吉区長居公園１−1,https://www.nagaipark.com/stadium/,+81 6-6691-2500,4.0,오전 9:00~오후 9:00,휴무일,오전 9:00~오후 9:00,오전 9:00~오후 9:00,오전 9:00~오후 9:00,오전 9:00~오후 9:00,오전 9:00~오후 9:00,"['축구', '산책', '공원', '식물원', '음식', '경기장', '게임', '콘서트']"
나카노시마 장미 정원,40.0,543.0,공원,"1 Nakanoshima, Kita-Ku, 오사카, 오사카",https://media-cdn.tripadvisor.com/media/photo-s/16/4b/60/8c/caption.jpg,"1 Chome-1 Nakanoshima, Kita Ward, Osaka, 530-0005 일본",〒530-0005 大阪府大阪市北区中之島１丁目１,https://city-osaka.net/nakanoshimakoen/,+81 6-6312-8121,4.1,24시간 영업,24시간 영업,24시간 영업,24시간 영업,24시간 영업,24시간 영업,24시간 영업,"['카페', '산책', '공원', '꽃', '음식점', '강', '광장', '휴식', '사진', '역사', '무료']"
난바 시티 본관,40.0,131.0,쇼핑몰,"5-1-60, Namba, Chuo, 오사카, 오사카",https://media-cdn.tripadvisor.com/media/photo-s/0b/97/53/49/city.jpg,"5 Chome-1-60 Nanba, Chuo Ward, Osaka, 542-0076 일본",〒542-0076 大阪府大阪市中央区難波５丁目１−60,https://nambacity.com/,+81 6-6644-2960,3.9,오전 11:00~오후 9:00,오전 11:00~오후 9:00,오전 11:00~오후 9:00,오전 11:00~오후 9:00,오전 11:00~오후 9:00,오전 11:00~오후 9:00,오전 11:00~오후 9:00,"['산책', '음식', '쇼핑몰', '음식점', '백화점', '광장', '쇼핑', '옷', '먹거리', '옛날']"
난바 워크,40.0,247.0,쇼핑몰,"Sennichimae, Chuo, 오사카, 오사카",https://media-cdn.tripadvisor.com/media/photo-s/15/21/90/f5/namba-walk.jpg,"1 Chome Sennichimae, Chuo Ward, Osaka, 542-0074 일본",〒542-0074 大阪府大阪市中央区千日前１丁目,http://walk.osaka-chikagai.jp/,+81 6-6643-1866,3.9,오전 10:00~오후 9:00,오전 10:00~오후 9:00,오전 10:00~오후 9:00,오전 10:00~오후 9:00,오전 10:00~오후 9:00,오전 10:00~오후 9:00,오전 10:00~오후 9:00,"['카페', '산책', '음식', '쇼핑몰', '음식점', '광장', '쇼핑', '옷', '지하상가', '먹거리', '옛날']"
난바 파크스,40.0,375.0,쇼핑몰,"2 Nambanaka, Naniwa-Ku, 오사카, 오사카",https://media-cdn.tripadvisor.com/media/photo-s/17/d0/b6/ba/namba-parks-osaka.jpg,"2 Chome-10-70 Nanbanaka, Naniwa Ward, Osaka, 556-0011 일본",〒556-0011 大阪府大阪市浪速区難波中２丁目１０−70,https://nambaparks.com/,+81 6-6644-7100,4.0,오전 11:00~오후 9:00,오전 11:00~오후 9:00,오전 11:00~오후 9:00,오전 11:00~오후 9:00,오전 11:00~오후 9:00,오전 11:00~오후 9:00,오전 11:00~오후 9:00,"['카페', '어린이', '산책', '공원', '꽃', '음식', '쇼핑몰', '음식점', '백화점', '야경', '휴식', '쇼핑', '옷', '무료']"
니시노마루 정원,40.0,121.0,가든,"2 Osakajyo, Chuo, 오사카, 오사카",https://media-cdn.tripadvisor.com/media/photo-s/09/a6/5f/6e/caption.jpg,"2 Osakajo, Chuo Ward, Osaka, 540-0002 일본",〒540-0002 大阪府大阪市中央区大阪城2,http://www.osakacastle.net/park/,+81 6-6941-1717,4.1,오전 9:00~오후 5:00,휴무일,오전 9:00~오후 5:00,오전 9:00~오후 5:00,오전 9:00~오후 5:00,오전 9:00~오후 5:00,오전 9:00~오후 5:00,"['어린이', '산책', '공원', '꽃', '음식', '성', '광장', '휴식', '사진', '역사', '무료']"
다이마루 백화점 신사이바시점,40.0,231.0,백화점,"1-7-1Shinsaibashisuji, Chuo, 오사카, 오사카",https://media-cdn.tripadvisor.com/media/photo-s/0b/45/ba/6b/caption.jpg,"1 Chome-7-1 Shinsaibashisuji, Chuo Ward, Osaka, 542-8501 일본",〒542-8501 大阪府大阪市中央区心斎橋筋１丁目７−1,http://www.daimaru.co.jp/shinsaibashi/,+81 6-6271-1231,4.0,오전 10:00~오후 8:00,오전 10:00~오후 8:00,오전 10:00~오후 8:00,오전 10:00~오후 8:00,오전 10:00~오후 8:00,오전 10:00~오후 8:00,오전 10:00~오후 8:00,"['카페', '무료', '전통', '선물', '음식', '백화점', '기념품', '쇼핑', '옷', '옛날']"
다카시마야 오사카점,40.0,241.0,역사적인 장소,"5-1-5, Namba, Chuo, 오사카, 오사카",https://media-cdn.tripadvisor.com/media/photo-s/1b/54/30/9a/caption.jpg,"5 Chome-1-5 Nanba, Chuo Ward, Osaka, 542-8510 일본",〒542-8510 大阪府大阪市中央区難波５丁目１−5,https://www.takashimaya.co.jp/osaka/,+81 6-6631-1101,4.0,오전 10:00~오후 8:00,오전 10:00~오후 8:00,오전 10:00~오후 8:00,오전 10:00~오후 8:00,오전 10:00~오후 8:00,오전 10:00~오후 8:00,오전 10:00~오후 8:00,"['무료', '전통', '선물', '음식', '백화점', '기념품', '술', '산', '쇼핑', '옛날']"
더 심포니홀,45.0,124.0,즐길거리 & 랜드마크,"2-3-3 Oyodominami, Kita-Ku, 오사카, 오사카",https://media-cdn.tripadvisor.com/media/photo-s/12/ed/d3/87/the-entrance-through.jpg,"2 Chome-3-3 Oyodominami, Kita Ward, Osaka, 531-0075 일본",〒531-0075 大阪府大阪市北区大淀南２丁目３−3,http://www.symphonyhall.jp/,+81 6-6453-1010,4.3,홈페이지 참조,홈페이지 참조,홈페이지 참조,홈페이지 참조,홈페이지 참조,홈페이지 참조,홈페이지 참조,"['카페', '공원', '음식', '음식점', '휴식', '콘서트', '공연', '오케스트라', '옛날']"
덴노지동물원,35.0,737.0,동물원,"1-108 Chausuyamacho, Tennojiku, 오사카, 오사카",https://media-cdn.tripadvisor.com/media/photo-s/07/58/1a/ed/caption.jpg,"1-108 Chausuyamacho, Tennoji Ward, Osaka, 543-0063 일본",〒543-0063 大阪府大阪市天王寺区茶臼山町１−108,https://www.tennojizoo.jp/,+81 6-6771-8401,4.0,오전 9:30~오후 5:00,휴무일,오전 9:30~오후 5:00,오전 9:30~오후 5:00,오전 9:30~오후 5:00,오전 9:30~오후 5:00,오전 9:30~오후 5:00,"['무료', '어린이', '산책', '공원', '동물원', '음식', '광장', '기념품', '사진', '역사', '옛날']"
덴덴타운 닛폰바시전기가,40.0,562.0,인근 지역,"Namba, Nippombashi, Chuo, 오사카, 오사카",https://media-cdn.tripadvisor.com/media/photo-s/0b/30/ae/c6/photo0jpg.jpg,"일본 〒556-0005 Osaka, Naniwa Ward, Nipponbashi, 3 Chome, 〜５丁目",〒556-0005 大阪府大阪市浪速区日本橋３丁目 〜５丁目,nippombashi.jp,+81 6-6655-1717,4.0,오전 11:00~오후 7:00,오전 11:00~오후 7:00,오전 11:00~오후 7:00,오전 11:00~오후 7:00,오전 11:00~오후 7:00,오전 11:00~오후 7:00,오전 11:00~오후 7:00,"['카페', '인형', '음식', '메이드', '음식점', '게임', '만화', '시장', '쇼핑', '애니메이션', '옛날']"
덴포잔 대관람차,40.0,1683.0,즐길거리 & 랜드마크,"1-1-10 Kaigandori Minatoku, 오사카, 오사카",https://media-cdn.tripadvisor.com/media/photo-s/0f/91/7d/50/ferris-wheel.jpg,"1 Chome-1-10 Kaigandori, Minato Ward, Osaka, 552-0022 일본",〒552-0022 大阪府大阪市港区海岸通１丁目１−10,senyo.co.jp,+81 6-6576-6222,4.4,오전 11:00~오후 9:00,오전 11:00~오후 9:00,오전 11:00~오후 9:00,오전 11:00~오후 9:00,오전 11:00~오후 9:00,오전 10:00~오후 10:00,오전 10:00~오후 10:00,"['배', '관람차', '쇼핑몰', '수족관', '야경', '아쿠아리움', '바다', '사진', '쇼핑', '전망대', '항구', '무료']"
덴포잔 하버 빌리지,40.0,235.0,즐길거리 & 랜드마크,"1chome Kaigandori, Minato-Ku, 오사카, 오사카",https://media-cdn.tripadvisor.com/media/photo-s/09/94/1c/40/caption.jpg,"1 Chome-1-10 Kaigandori, Minato Ward, Osaka, 552-0022 일본",〒552-0022 大阪府大阪市港区海岸通１丁目１−10,http://www.kaiyukan.com/thv/,+81 6-6576-5501,4.1,오전 10:00~오후 8:00,오전 10:00~오후 8:00,오전 10:00~오후 8:00,오전 10:00~오후 8:00,오전 10:00~오후 8:00,오전 10:00~오후 8:00,오전 10:00~오후 8:00,"['산책', '배', '쇼핑몰', '아쿠아리움', '바다', '관람차', '음식점', '광장', '옛날', '레고', '야경', '기념품', '사진', '쇼핑', '항구', '어린이', '음식', '수족관', '공연', '무료']"
도톤보리,45.0,12478.0,인근 지역,"Chuo-ku, Dotombori, Chuo, 오사카, 오사카",https://media-cdn.tripadvisor.com/media/photo-s/09/6c/92/dc/dotonbori.jpg,"1 Chome Dotonbori, Chuo Ward, Osaka, 542-0071 일본",〒542-0071 大阪府大阪市中央区道頓堀１丁目,dotonbori.or.jp,+81 6-6211-4542,4.3,24시간 영업,24시간 영업,24시간 영업,24시간 영업,24시간 영업,24시간 영업,24시간 영업,"['배', '음식', '먹거리', '음식점', '쇼핑몰', '강', '야경', '기념품', '술', '사진', '쇼핑', '시장', '골목', '드럭스토어', '무료']"
도톤보리 글리코 사인,40.0,185.0,즐길거리 & 랜드마크,"1-10-2, Dotombori, Chuo, 오사카, 오사카",https://media-cdn.tripadvisor.com/media/photo-s/18/15/61/2d/caption.jpg,"1 Chome-10-3 Dotonbori, Chuo Ward, Osaka, 542-0071 일본",〒542-0071 大阪府大阪市中央区道頓堀１丁目１０−3,https://www.glico.com/jp/enjoy/contents/glicosign/,+81 120-917-111,4.4,24시간 영업,24시간 영업,24시간 영업,24시간 영업,24시간 영업,24시간 영업,24시간 영업,"['배', '음식', '강', '야경', '사진', '쇼핑', '먹거리']"
돈키호테 도톤보리점,50.0,1.0,특산물 & 기념품 가게,"7-13 Soemoncho, Chuo, 오사카, 오사카",https://media-cdn.tripadvisor.com/media/photo-s/27/41/99/20/store-exterior.jpg,"7-13 Souemoncho, Chuo Ward, Osaka, 542-0084 일본",〒542-0084 大阪府大阪市中央区宗右衛門町７−13,https://www.donki.com/store/shop_detail.php?shop_id=110,+81 570-026-511,3.8,오전 11:00~오전 2:00,오전 11:00~오전 2:00,오전 11:00~오전 2:00,오전 11:00~오전 2:00,오전 11:00~오전 2:00,오전 11:00~오전 2:00,오전 11:00~오전 2:00,"['선물', '관람차', '쇼핑', '기념품', '사진', '드럭스토어', '시장', '먹거리']"
레고랜드 디스커버리센터 오사카,35.0,198.0,놀이공원 & 테마파크,"1-1-10 Kaigan-dori, Minato-ku, 오사카, 오사카",https://media-cdn.tripadvisor.com/media/photo-s/0a/8b/f2/57/100.jpg,"일본 〒552-0022 Osaka, Minato Ward, Kaigandori, 1 Chome−1−10 天保山マーケットプレース3階",〒552-0022 大阪府大阪市港区海岸通１丁目１−10 天保山マーケットプレース3階,https://www.legolanddiscoverycenter.com/osaka/,+81 800-100-5346,3.9,오전 10:00~오후 6:00,오전 10:00~오후 6:00,오전 10:00~오후 6:00,오전 10:00~오후 6:00,오전 10:00~오후 6:00,오전 10:00~오후 6:00,오전 10:00~오후 6:00,"['놀이기구', '카페', '레고', '어린이', '극장', '체험', '공원', '어트랙션', '음식', '관람차', '게임', '수족관', '작품', '사진', '쇼핑', '실내', '무료']"
린쿠프리미엄아웃렛,40.0,779.0,팩토리 아울렛,"3-28 Oraiminami Rinku, 이즈미사노, 오사카",https://media-cdn.tripadvisor.com/media/photo-s/14/62/54/92/caption.jpg,"3-28 Rinkuoraiminami, Izumisano, Osaka 598-8508 일본",〒598-8508 大阪府泉佐野市りんくう往来南3-28,https://www.premiumoutlets.co.jp/rinku/,+81 72-458-4600,4.1,오전 10:00~오후 8:00,오전 10:00~오후 8:00,오전 10:00~오후 8:00,오전 10:00~오후 8:00,오전 10:00~오후 8:00,오전 10:00~오후 8:00,오전 10:00~오후 8:00,"['산책', '공원', '아울렛', '음식', '관람차', '쇼핑몰', '음식점', '바다', '휴식', '쇼핑', '옷', '무료']"
메이드리밍 오사카 난바점,50.0,610.0,디저트 카페,"일본 〒556-0011 Osaka, Naniwa Ward, Nanbanaka, 2 Chome−2−21 NAMBA VALLE BLD. 3F",https://media-cdn.tripadvisor.com/media/photo-s/25/a3/ff/d2/caption.jpg,"일본 〒556-0011 Osaka, Naniwa Ward, Nanbanaka, 2 Chome−2−21 NAMBA VALLE BLD. 3F",〒556-0011 大阪府大阪市浪速区難波中２丁目２−21 NAMBA VALLE BLD. 3F,없음,없음,4.2,오전 11:30~오후 11:00,오전 11:30~오후 11:00,오전 11:30~오후 11:00,오전 11:30~오후 11:00,오전 11:30~오후 11:00,오전 10:30~오후 11:00,오전 10:30~오후 11:00,"['카페', '그림', '체험', '음식', '메이드', '기념품', '술', '사진', '공연']"
모마 사쿠라노미야 공원,45.0,263.0,공원,"1 Nagarahigashi Kita-ku, 오사카, 오사카",https://media-cdn.tripadvisor.com/media/photo-s/0a/57/dc/20/caption.jpg,"Nakanocho, Miyakojima Ward, Osaka, 534-0027 일본",〒534-0027 大阪府大阪市都島区中野町,http://www.osakapark.osgf.or.jp/kema_sakuranomiya/,+81 6-6912-0650,4.0,24시간 영업,24시간 영업,24시간 영업,24시간 영업,24시간 영업,24시간 영업,24시간 영업,"['산책', '공원', '꽃', '배', '성', '음식', '강', '휴식', '사진', '자전거', '무료']"
반파쿠기넨코엔 (엑스포’70 기념공원),40.0,580.0,공원,"1-1 Senribanpakukoen, 스이타, 오사카",https://media-cdn.tripadvisor.com/media/photo-s/16/3a/29/73/caption.jpg,"Senribanpakukoen, Suita, Osaka 565-0826 일본",〒565-0826 大阪府吹田市千里万博公園,http://www.expo70-park.jp/,+81 6-6877-7387,4.2,오전 9:30~오후 5:00,오전 9:30~오후 5:00,오전 9:30~오후 5:00,휴무일,오전 9:30~오후 5:00,오전 9:30~오후 5:00,오전 9:30~오후 5:00,"['놀이기구', '무료', '박람회', '어린이', '산책', '공원', '꽃', '음식', '관람차', '쇼핑몰', '쇼핑', '광장', '휴식', '사진', '자전거', '박물관', '옛날']"
센니치마에 도구야스지 상점가,40.0,475.0,벼룩시장 & 재래시장,"5-19 Nambasennichimae, Chuo, 오사카, 오사카",https://media-cdn.tripadvisor.com/media/photo-s/1a/af/73/05/caption.jpg,"14-5 Nanbasennichimae, Chuo Ward, Osaka, 542-0075 일본",〒542-0075 大阪府大阪市中央区難波千日前１４−5,http://www.doguyasuji.or.jp/,+81 6-6633-1423,4.1,오전 10:00~오후 6:00,오전 10:00~오후 6:00,오전 10:00~오후 6:00,오전 10:00~오후 6:00,오전 10:00~오후 6:00,오전 10:00~오후 6:00,오전 10:00~오후 6:00,"['선물', '음식', '음식점', '백화점', '기념품', '시장', '쇼핑', '골목', '옛날']"
소라니와 온천 오사카베이타워,,,온천 리조트,"1 Chome-2-3 Benten, Minato Ward, Osaka, 552-0007 일본",https://search.pstatic.net/common/?src=http%3A%2F%2Fblogfiles.naver.net%2FMjAxOTA4MTZfNjMg%2FMDAxNTY1ODk3MDIwMDcy.YnvthQvULFyb-IBAvnezgvrM0anX0nOqv-78umd69Vgg.P5NKaFrf0YmVjyFC7ISgM5r9p3IhyP6McsUQAFj2-oog.JPEG.gliceryn%2F%25BC%25D2%25B6%25F3%25B4%25CF%25BF%25CD_%25BF%25C2%25C3%25B5-71.jpg&type=a340,"1 Chome-2-3 Benten, Minato Ward, Osaka, 552-0007 일본",〒552-0007 大阪府大阪市港区弁天１丁目２−3,solaniwa.com,+81 6-7670-5126,3.9,오전 11:00~오후 11:00,오전 11:00~오후 11:00,오전 11:00~오후 11:00,오전 11:00~오후 11:00,오전 11:00~오후 11:00,오전 11:00~오후 11:00,오전 11:00~오후 11:00,"['목욕탕', '산책', '체험', '노천', '스파', '음식', '음식점', '온천', '만화', '유카타', '사우나', '휴식', '사진', '옷', '무료']"
스미요시 타이샤,45.0,866.0,종교적인 장소,"2-9-89 Sumiyoshi, Sumiyoshi-ku, 오사카, 오사카",https://media-cdn.tripadvisor.com/media/photo-s/14/e4/12/00/sumiyoshi-taisha-shrine.jpg,"2 Chome-9-89 Sumiyoshi, Sumiyoshi Ward, Osaka, 558-0045 일본",〒558-0045 大阪府大阪市住吉区住吉２丁目９−89,http://www.sumiyoshitaisha.net/,+81 6-6672-0753,4.4,오전 6:30~오후 5:00,오전 6:30~오후 5:00,오전 6:30~오후 5:00,오전 6:30~오후 5:00,오전 6:30~오후 5:00,오전 6:30~오후 5:00,오전 6:30~오후 5:00,"['무료', '산책', '공원', '사원', '신사', '바다', '사진', '역사', '옛날']"
스파월드,40.0,834.0,놀이공원 & 테마파크,"3-4-24 Ebisu Higashi Naniwaku, 오사카, 오사카",https://media-cdn.tripadvisor.com/media/photo-s/12/6a/b6/f3/6.jpg,"3 Chome-4-24 Ebisuhigashi, Naniwa Ward, Osaka, 556-0002 일본",〒556-0002 大阪府大阪市浪速区恵美須東３丁目４−24,http://www.spaworld.co.jp/,+81 6-6631-0001,4.0,오전 10:00~오전 8:45,오전 10:00~오전 8:45,오전 10:00~오전 8:45,오전 10:00~오전 8:45,오전 10:00~오전 8:45,오전 10:00~오전 8:45,오전 10:00~오전 8:45,"['어린이', '목욕탕', '노천', '스파', '음식', '음식점', '온천', '수영장', '사우나', '휴식', '옷', '실내', '무료']"
시텐노지,40.0,1083.0,종교적인 장소,"1-11-18 Shitennoji, Tennoji-ku, 오사카, 오사카",https://media-cdn.tripadvisor.com/media/photo-s/09/0d/8a/7f/shitennoji-temple.jpg,"1 Chome-11-18 Shitennoji, Tennoji Ward, Osaka, 543-0051 일본",〒543-0051 大阪府大阪市天王寺区四天王寺１丁目11-18,shitennoji.or.jp,+81 6-6771-0066,4.3,오전 8:00~오후 4:00,오전 8:00~오후 4:00,오전 8:00~오후 4:00,오전 8:00~오후 4:00,오전 8:00~오후 4:00,오전 8:00~오후 4:00,오전 8:00~오후 4:00,"['절', '무료', '산책', '배', '사원', '신사', '산', '역사', '사진', '시장', '불상', '옛날']"
신사이바시스지 상점가,40.0,4908.0,인근 지역,"Chuo, 오사카, 오사카",https://media-cdn.tripadvisor.com/media/photo-s/0b/84/8a/c6/beautiful-evening-scenes.jpg,"2 Chome-2-22 Shinsaibashisuji, Chuo Ward, Osaka, 542-0085 일본",〒542-0085 大阪府大阪市中央区心斎橋筋２丁目２−22,https://www.shinsaibashi.or.jp/,+81 6-6211-1114,4.3,오전 11:00~오후 8:00,오전 11:00~오후 8:00,오전 11:00~오후 8:00,오전 11:00~오후 8:00,오전 11:00~오후 8:00,오전 11:00~오후 8:00,오전 11:00~오후 8:00,"['카페', '산책', '음식', '먹거리', '음식점', '쇼핑몰', '강', '백화점', '기념품', '사진', '쇼핑', '옷', '시장', '골목', '드럭스토어', '옛날']"
신세카이 혼도리 상점가,40.0,1525.0,즐길거리 & 랜드마크,"1 Ebisuhigashi, Naniwaku, 오사카, 오사카",https://media-cdn.tripadvisor.com/media/photo-s/09/c3/76/e8/shinsekai.jpg,"일본 〒556-0002 Osaka, Naniwa Ward, Ebisuhigashi, 2 Chome−5−1 ニューマルコ",〒556-0002 大阪府大阪市浪速区恵美須東２丁目５−1 ニューマルコ,shinsekai.jp,MG24+J9 오사카시 일본 오사카부,4.0,24시간 영업,24시간 영업,24시간 영업,24시간 영업,24시간 영업,24시간 영업,24시간 영업,"['산책', '공원', '전통', '동물원', '스파', '배', '음식', '음식점', '게임', '기념품', '술', '사진', '쇼핑', '전망대', '시장', '옛날']"
신우메다 시티,40.0,459.0,건축물,"1-1-88 Oyodonaka,, Kita-Ku, 오사카, 오사카",https://media-cdn.tripadvisor.com/media/photo-s/0c/b8/c0/b9/vista1.jpg,"1 Chome-1-88 Oyodonaka, Kita Ward, Osaka, 531-0076 일본",〒531-0076 大阪府大阪市北区大淀中１丁目１−88,http://www.skybldg.co.jp/,+81 6-6440-3899,4.1,오전 9:30~오후 10:00,오전 9:30~오후 10:00,오전 9:30~오후 10:00,오전 9:30~오후 10:00,오전 9:30~오후 10:00,오전 9:30~오후 10:00,오전 9:30~오후 10:00,"['카페', '산책', '공원', '음식', '음식점', '야경', '휴식', '사진', '쇼핑', '전망대', '시장', '무료']"
쓰텐카쿠,35.0,1838.0,건축물,"1-18-6 Ebisuhigashi Naniwaku, 오사카, 오사카",https://media-cdn.tripadvisor.com/media/photo-s/16/2c/75/75/photo0jpg.jpg,"1 Chome-18-6 Ebisuhigashi, Naniwa Ward, Osaka, 556-0002 일본",〒556-0002 大阪府大阪市浪速区恵美須東１丁目１８−6,tsutenkaku.co.jp,+81 6-6641-9555,4.0,오전 10:00~오후 8:00,오전 10:00~오후 8:00,오전 10:00~오후 8:00,오전 10:00~오후 8:00,오전 10:00~오후 8:00,오전 10:00~오후 8:00,오전 10:00~오후 8:00,"['무료', '공원', '동물원', '음식', '음식점', '게임', '야경', '기념품', '사진', '역사', '전망대', '먹거리', '골목', '옛날']"
아베노 하루카스,40.0,1792.0,즐길거리 & 랜드마크,"1-1-43 Abenosuji, Abeno-Ku, 오사카, 오사카",https://media-cdn.tripadvisor.com/media/photo-s/0e/d4/e8/fd/caption.jpg,"1 Chome-1-43 Abenosuji, Abeno Ward, Osaka, 545-6016 일본",〒545-6016 大阪府大阪市阿倍野区阿倍野筋１丁目１−43,https://www.abenoharukas-300.jp/,+81 6-6621-0300,4.1,오전 9:00~오후 10:00,오전 9:00~오후 10:00,오전 9:00~오후 10:00,오전 9:00~오후 10:00,오전 9:00~오후 10:00,오전 9:00~오후 10:00,오전 9:00~오후 10:00,"['카페', '체험', '음식', '쇼핑몰', '음식점', '백화점', '야경', '사진', '쇼핑', '전망대', '무료']"
아키바 카트 오사카,50.0,751.0,시티 투어,"3-3-9 Nippombashi, Naniwa-ku, 오사카, 오사카",https://media-cdn.tripadvisor.com/media/photo-s/13/fa/df/87/nice-face.jpg,"3 Chome-3-9 Nipponbashi, Naniwa Ward, Osaka, 556-0005 일본",〒556-0005 大阪府大阪市浪速区日本橋３丁目３−9,http://osakakart.com/,+81 90-3821-0330,4.9,오전 10:00~오후 8:00,오전 10:00~오후 8:00,오전 10:00~오후 8:00,오전 10:00~오후 8:00,오전 10:00~오후 8:00,오전 10:00~오후 8:00,오전 10:00~오후 8:00,"['체험', '카트', '성', '강', '야경', '사진', '옷', '무료']"
에비스 다리,40.0,630.0,브리지,"1-6, Dotombori, Chuo, 오사카, 오사카",https://media-cdn.tripadvisor.com/media/photo-s/0e/d0/db/3d/caption.jpg,"1 Chome Dotonbori, Chuo Ward, Osaka, 542-0071 일본",〒542-0071 大阪府大阪市中央区道頓堀１丁目,https://www.city.osaka.lg.jp/kensetsu/page/0000021695.html,,4.1,24시간 영업,24시간 영업,24시간 영업,24시간 영업,24시간 영업,24시간 영업,24시간 영업,"['산책', '배', '음식', '강', '야경', '기념품', '사진', '쇼핑', '옛날']"
오사카 과학기술관,,,전문 박물관,"1 Chome-8-4 Utsubohonmachi, Nishi Ward, Osaka, 550-0004 일본",https://search.pstatic.net/common/?src=http%3A%2F%2Fblogfiles.naver.net%2FMjAyMjExMDdfMTkw%2FMDAxNjY3NzcwNzM2NDEy.EPY8DjUwZh0tKxorQgiZfnFHSUzGye9B_hmwjFWPLQ8g.1jaC8dnFq6vTeVigobUVWO8USlPpxFq65CDj5yXhJf8g.JPEG.keys2flower%2FIMG_7024.jpg&type=a340,"1 Chome-8-4 Utsubohonmachi, Nishi Ward, Osaka, 550-0004 일본",〒550-0004 大阪府大阪市西区靱本町１丁目８−4,ostec.or.jp,+81 6-6441-0915,3.7,오전 10:00~오후 5:00,오전 10:00~오후 5:00,오전 10:00~오후 5:00,오전 10:00~오후 5:00,오전 10:00~오후 5:00,오전 10:00~오후 5:00,오전 10:00~오후 5:00,"['어린이', '체험', '전시회', '과학관', '박물관', '무료']"
오사카 국제공항,,,기타,"3 Chome-555 Hotarugaike Nishimachi, Toyonaka, Osaka 560-0036 일본",https://search.pstatic.net/common/?src=http%3A%2F%2Fblogfiles.naver.net%2FMjAyMDA0MTdfMTAx%2FMDAxNTg3MDkxMzAyMzc4.SwtHWG4hcQ4aLhrHvMfiDQ2ibE_YwFeVUKeXnDu_SMsg.9VI7v-VBDRM-BQX5SQTxkpq77LHaJAhnl_CxE25bwl8g.JPEG.heejung0340%2FIMG_1475.JPG&type=a340,"3 Chome-555 Hotarugaike Nishimachi, Toyonaka, Osaka 560-0036 일본",〒560-0036 大阪府豊中市螢池西町３丁目555,osaka-airport.co.jp,+81 6-6856-6781,4.9,운행정보 없음,운행정보 없음,운행정보 없음,운행정보 없음,운행정보 없음,운행정보 없음,운행정보 없음,
오사카 부 사키시마청사 전망대,40.0,156.0,전망대 & 타워,"1-14-16 Nankokita Suminoe-ku, 오사카, 오사카",https://media-cdn.tripadvisor.com/media/photo-s/08/16/e5/28/caption.jpg,"일본 〒559-0034 Osaka, Suminoe Ward, Nankokita, 1 Chome−14−16 咲洲庁舎",〒559-0034 大阪府大阪市住之江区南港北１丁目１４−16 咲洲庁舎,http://sakishima-observatory.com/,+81 6-6615-6055,4.3,오전 11:00~오후 10:00,휴무일,오전 11:00~오후 10:00,오전 11:00~오후 10:00,오전 11:00~오후 10:00,오전 11:00~오후 10:00,오전 11:00~오후 10:00,"['배', '관람차', '실내', '온천', '야경', '바다', '사진', '전망대', '항구', '무료']"
오사카 성,40.0,7920.0,성,"1-1 Osakajo, Chuo, 오사카, 오사카",https://media-cdn.tripadvisor.com/media/photo-s/14/19/ad/ef/osaka-castle.jpg,"1-1 Osakajo, Chuo Ward, Osaka, 540-0002 일본",〒540-0002 大阪府大阪市中央区大阪城１−1,osakacastle.net,+81 6-6941-3044,4.4,오전 9:00~오후 5:00,오전 9:00~오후 5:00,오전 9:00~오후 5:00,오전 9:00~오후 5:00,오전 9:00~오후 5:00,오전 9:00~오후 5:00,오전 9:00~오후 5:00,"['무료', '그림', '산책', '공원', '체험', '배', '성', '신사', '기념품', '사진', '역사', '전망대', '실내', '박물관', '옛날']"
오사카 성 공원,,,공원,"1-1 Osakajo, Chuo Ward, Osaka, 540-0002 일본",https://search.pstatic.net/common/?src=http%3A%2F%2Fblogfiles.naver.net%2FMjAyMjEwMTlfMTU3%2FMDAxNjY2MTgzNTUzNTQz.gl3otE2CTUe-2q17UC5dHVpHzUXIPPECm4qF_ndcTKcg.0TfPpXpZHh8LO0tDGuAOFa7YKLtj-YxKL1iouOV18-4g.JPEG.uneven08%2F2775.JPG&type=a340,"1-1 Osakajo, Chuo Ward, Osaka, 540-0002 일본",〒540-0002 大阪府大阪市中央区大阪城１−1,osakacastlepark.jp,+81 6-6755-4146,4.3,24시간 영업,24시간 영업,24시간 영업,24시간 영업,24시간 영업,24시간 영업,24시간 영업,"['카페', '무료', '산책', '공원', '배', '성', '신사', '야경', '기념품', '휴식', '사진', '역사', '전망대', '박물관', '전통']"
오사카 성 천수각,,,역사적인 장소,"1-1 Osakajo, Chuo Ward, Osaka, 540-0002 일본",https://search.pstatic.net/common/?src=http%3A%2F%2Fblogfiles.naver.net%2FMjAyMjEwMjRfMjgx%2FMDAxNjY2NjE4ODQ4NTk2.ey7qjXGh6AvNna6gWUCjY24QZCLCN90ATmRrVfsN-sog.AY09tVh1SYRBlIGA3xvQfpUw2c2eSClURmataaJ9mCcg.JPEG.yjy8856%2FScreenshot_20221024_213504.jpg&type=a340,"1-1 Osakajo, Chuo Ward, Osaka, 540-0002 일본",〒540-0002 大阪府大阪市中央区大阪城１−1,osakacastle.net,+81 6-6941-3044,4.4,오전 9:00~오후 5:00,오전 9:00~오후 5:00,오전 9:00~오후 5:00,오전 9:00~오후 5:00,오전 9:00~오후 5:00,오전 9:00~오후 5:00,오전 9:00~오후 5:00,"['산책', '공원', '체험', '배', '성', '기념품', '사진', '역사', '전망대', '박물관', '무료']"
오사카 수상버스 아쿠아라이너,40.0,150.0,페리,"오사카, 오사카",https://media-cdn.tripadvisor.com/media/photo-s/0f/52/28/90/caption.jpg,"2 Osakajo, Chuo Ward, Osaka, 540-0002 일본",〒540-0002 大阪府大阪市中央区大阪城２,suijo-bus.osaka,+81 570-035-551,4.2,오전 10:00~오후 4:00,오전 10:00~오후 4:00,오전 10:00~오후 4:00,오전 10:00~오후 4:00,오전 10:00~오후 4:00,오전 10:00~오후 4:00,오전 10:00~오후 4:00,"['카페', '산책', '공원', '체험', '선물', '배', '성', '강', '휴식', '사진', '역사', '실내', '무료']"
오사카 스테이션 시티,40.0,485.0,백화점,"3-1-3 Umeda, Kita-Ku, 오사카, 오사카",https://media-cdn.tripadvisor.com/media/photo-s/18/b4/08/78/osc.jpg,"3 Chome-1-3 Umeda, Kita Ward, Osaka, 530-0001 일본",〒530-0001 大阪府大阪市北区梅田３丁目１−3,osakastationcity.com,+81 6-6458-0212,3.9,오전 10:00~오후 6:00,오전 10:00~오후 6:00,오전 10:00~오후 6:00,오전 10:00~오후 6:00,오전 10:00~오후 6:00,오전 10:00~오후 6:00,오전 10:00~오후 6:00,"['카페', '무료', '산책', '음식', '쇼핑몰', '음식점', '백화점', '야경', '광장', '기념품', '휴식', '사진', '쇼핑', '옛날']"
오사카 시립 주택 박물관,40.0,833.0,전문 박물관,"6-4-20 Tenjimbashi, Kita-ku, 오사카, 오사카",https://media-cdn.tripadvisor.com/media/photo-s/05/e5/15/6d/osaka-museum-of-housing.jpg,"일본 〒530-0041 Osaka, Kita Ward, Tenjinbashi, 6 Chome−4−20 住まい情報センタービル 8階",〒530-0041 大阪府大阪市北区天神橋６丁目４−20 住まい情報センタービル 8階,osaka-angenet.jp,+81 6-6242-1170,4.1,오전 10:00~오후 5:00,휴무일,오전 10:00~오후 5:00,오전 10:00~오후 5:00,오전 10:00~오후 5:00,오전 10:00~오후 5:00,오전 10:00~오후 5:00,"['무료', '체험', '전통', '박물관', '실내', '온천', '유카타', '기념품', '사진', '역사', '옷', '시장', '기모노', '옛날']"
오사카 역사 박물관,40.0,601.0,역사박물관,"4-1-32 Otemae, Chuo, 오사카, 오사카",https://media-cdn.tripadvisor.com/media/photo-s/0c/23/e0/62/caption.jpg,"4 Chome-1-32 Otemae, Chuo Ward, Osaka, 540-0008 일본",〒540-0008 大阪府大阪市中央区大手前４丁目１−32,http://www.mus-his.city.osaka.jp/,+81 6-6946-5728,4.1,오전 9:30~오후 5:00,오전 9:30~오후 5:00,휴무일,오전 9:30~오후 5:00,오전 9:30~오후 5:00,오전 9:30~오후 5:00,오전 9:30~오후 5:00,"['어린이', '그림', '체험', '공원', '전시회', '성', '게임', '사진', '역사', '박물관', '무료']"
오사카 이쿠노 코리아타운,40.0,423.0,즐길거리 & 랜드마크,"1-Chome Tsuruhashi, Ikuno-Ku, 오사카, 오사카",https://media-cdn.tripadvisor.com/media/photo-s/14/c6/cb/d7/img-0355-largejpg.jpg,"4 Chome-5-１５付近 Momodani, Ikuno Ward, Osaka, 544-0034 일본",〒544-0034 大阪府大阪市生野区桃谷４丁目５−１５付近,https://osaka-koreatown.com/,+81 6-6712-7150,3.9,오전 10:00~오후 6:00,오전 10:00~오후 6:00,오전 10:00~오후 6:00,오전 10:00~오후 6:00,오전 10:00~오후 6:00,오전 10:00~오후 6:00,오전 10:00~오후 6:00,"['카페', '산책', '공원', '배', '음식', '음식점', '기념품', '사진', '쇼핑', '시장', '먹거리', '옛날']"
오사카 컵라면박물관,45.0,683.0,전문 박물관,"8-25 Masumicho, 이케다, 오사카",https://media-cdn.tripadvisor.com/media/photo-s/0f/a5/c5/02/the-place.jpg,"8-25 Masumicho, Ikeda, Osaka 563-0041 일본",〒563-0041 大阪府池田市満寿美町８−25,https://www.cupnoodles-museum.jp/ja/osaka_ikeda/,+81 72-752-3484,4.3,오전 9:30~오후 4:30,오전 9:30~오후 4:30,휴무일,오전 9:30~오후 4:30,오전 9:30~오후 4:30,오전 9:30~오후 4:30,오전 9:30~오후 4:30,"['어린이', '그림', '체험', '선물', '기념품', '역사', '컵라면', '박물관', '무료']"
오사카 텐만구 신사,40.0,373.0,종교적인 장소,"2-1-8 Tenjinbashi, Kitaku, 오사카, 오사카",https://media-cdn.tripadvisor.com/media/photo-s/19/89/0f/7c/caption.jpg,"2 Chome-1-8 Tenjinbashi, Kita Ward, Osaka, 530-0041 일본",〒530-0041 大阪府大阪市北区天神橋２丁目１−8,https://osakatemmangu.or.jp/,+81 6-6353-0025,4.2,오전 9:00~오후 5:00,오전 9:00~오후 5:00,오전 9:00~오후 5:00,오전 9:00~오후 5:00,오전 9:00~오후 5:00,오전 9:00~오후 5:00,오전 9:00~오후 5:00,"['산책', '인형', '꽃', '쇼핑', '신사', '휴식', '사진', '역사', '옛날']"
오사카시 중앙공회당,40.0,387.0,역사적인 장소 즐길거리 & 랜드마크,"일본 〒530-0005 Osaka, Kita Ward, Nakanoshima, 1 Chome−1−27 大阪市中央公会堂 B1F",https://dynamic-media-cdn.tripadvisor.com/media/photo-o/15/22/98/70/osaka-city-central-hall.jpg?w=1100&h=500&s=1,"일본 〒530-0005 Osaka, Kita Ward, Nakanoshima, 1 Chome−1−27 大阪市中央公会堂 B1F",〒530-0005 大阪府大阪市北区中之島１丁目１−27 大阪市中央公会堂 B1F,osaka-chuokokaido.jp,+81 6-6208-2002,4.2,오전 9:30~오후 9:30,오전 9:30~오후 9:30,오전 9:30~오후 9:30,오전 9:30~오후 9:30,오전 9:30~오후 9:30,오전 9:30~오후 9:30,오전 9:30~오후 9:30,"['카페', '무료', '산책', '공원', '역사', '콘서트', '사진', '옛날']"
오사카시립 나가이 식물원,,,공원,"1-23 Nagaikoen, Higashisumiyoshi Ward, Osaka, 546-0034 일본",https://search.pstatic.net/common/?src=http%3A%2F%2Fblogfiles.naver.net%2FMjAxODA4MTJfOTIg%2FMDAxNTM0MDgxMjQ5Mzk3.KcQrrV92rRr19Qm2rJJQFC8FzNzU-pfi0o0zcmNbIUEg.YeByztfI7jL88AgiBdeNNTCyfhn3b1SmkmtdfI8UpcIg.JPEG.pandom128%2F1533797026_b.jpg&type=a340,"1-23 Nagaikoen, Higashisumiyoshi Ward, Osaka, 546-0034 일본",〒546-0034 大阪府大阪市東住吉区長居公園１−23,botanical-garden.nagai-park.jp,+81 6-6696-7117,4.2,오전 9:30~오후 4:30,오전 9:30~오후 4:30,오전 9:30~오후 4:30,오전 9:30~오후 4:30,오전 9:30~오후 4:30,오전 9:30~오후 4:30,오전 9:30~오후 4:30,"['카페', '산책', '공원', '꽃', '식물원', '광장', '휴식', '사진', '자전거', '박물관', '무료']"
요시모토 난바그랜드카게쓰 극장,45.0,577.0,시어터,"11-6 Nambasennichimae, Chuo, 오사카, 오사카",https://media-cdn.tripadvisor.com/media/photo-s/05/b5/d2/da/caption.jpg,"11-6 Nanbasennichimae, Chuo Ward, Osaka, 542-0075 일본",〒542-0075 大阪府大阪市中央区難波千日前１１−6,http://www.yoshimoto.co.jp/ngk,+81 6-6641-0888,4.3,홈페이지 참조,홈페이지 참조,홈페이지 참조,홈페이지 참조,홈페이지 참조,홈페이지 참조,홈페이지 참조,"['극장', '인형', '꽃', '선물', '배', '음식', '음식점', '기념품', '휴식', '사진', '공연', '옛날']"
우메다 공중정원,,,공원,"일본 〒531-6039 Osaka, Kita Ward, Oyodonaka, 1 Chome−1−88 梅田スカイビル",https://search.pstatic.net/common/?src=http%3A%2F%2Fblogfiles.naver.net%2F20160525_212%2Ftojls_14641523831265REAE_JPEG%2F%25BF%25EC%25B8%25DE%25B4%25D915.JPG&type=a340,"일본 〒531-6039 Osaka, Kita Ward, Oyodonaka, 1 Chome−1−88 梅田スカイビル",〒531-6039 大阪府大阪市北区大淀中１丁目１−88 梅田スカイビル,skybldg.co.jp,+81 6-6440-3855,4.3,오전 9:30~오후 10:00,오전 9:30~오후 10:00,오전 9:30~오후 10:00,오전 9:30~오후 10:00,오전 9:30~오후 10:00,오전 9:30~오후 10:00,오전 9:30~오후 10:00,"['카페', '관람차', '야경', '기념품', '전망대', '사진', '옷', '실내', '실외', '무료']"
우메다 스카이빌딩,40.0,3023.0,건축물,"1-1-88 Oyodonaka, Kita-Ku, 오사카, 오사카",https://media-cdn.tripadvisor.com/media/photo-s/09/7b/c8/e8/floating-garden.jpg,"1 Chome-1-88 Oyodonaka, Kita Ward, Osaka, 531-6023 일본",〒531-6023 大阪府大阪市北区大淀中１丁目１−88,skybldg.co.jp,+81 6-6440-3899,4.2,오전 9:30~오후 10:30,오전 9:30~오후 10:30,오전 9:30~오후 10:30,오전 9:30~오후 10:30,오전 9:30~오후 10:30,오전 9:30~오후 10:30,오전 9:30~오후 10:30,"['카페', '음식', '관람차', '강', '야경', '기념품', '전망대', '사진', '옷', '실내', '무료']"
우쓰보 공원,40.0,240.0,시어터,"2-1-4 Utsubohommachi, Nishi-Ku, 오사카, 오사카",https://media-cdn.tripadvisor.com/media/photo-s/16/4c/00/ab/caption.jpg,"Utsubohonmachi, Nishi Ward, Osaka, 550-0004 일본",〒550-0004 大阪府大阪市西区靱本町,http://www.city.osaka.lg.jp/nishi/page/0000057760.html,+81 6-6941-1144,4.1,24시간 영업,24시간 영업,24시간 영업,24시간 영업,24시간 영업,24시간 영업,24시간 영업,"['놀이기구', '카페', '어린이', '산책', '공원', '꽃', '음식점', '강', '광장', '휴식', '사진', '옛날']"
유니버셜 스튜디오 재팬,40.0,10770.0,놀이공원 & 테마파크,"2-1-33 Sakurajima, Konohana-Ku, 오사카, 오사카",https://media-cdn.tripadvisor.com/media/photo-s/22/33/49/48/super-nintendo-world.jpg,"2 Chome-1-33 Sakurajima, Konohana Ward, Osaka, 554-0031 일본",〒554-0031 大阪府大阪市此花区桜島２丁目１−33,usj.co.jp,+81 570-200-606,4.5,오전 10:00~오후 10:00,오전 10:00~오후 10:00,오전 10:00~오후 10:00,오전 10:00~오후 10:00,오전 10:00~오후 10:00,오전 10:00~오후 10:00,오전 10:00~오후 10:00,"['놀이기구', '체험', '공원', '어트랙션', '음식', '음식점', '게임', '기념품', '사진', '퍼레이드', '공연']"
일본민가취락박물관,45.0,89.0,역사박물관,"1-2 Hattori-Ryokuchi, 도요나카, 오사카",https://media-cdn.tripadvisor.com/media/photo-s/07/d9/c9/96/open-air-museum-of-old.jpg,"1-2 Hattoriryokuchi, Toyonaka, Osaka 561-0873 일본",〒561-0873 大阪府豊中市服部緑地１−2,https://www.occh.or.jp/minka/,+81 6-6862-3137,4.2,오전 9:30~오후 5:00,휴무일,오전 9:30~오후 5:00,오전 9:30~오후 5:00,오전 9:30~오후 5:00,오전 9:30~오후 5:00,오전 9:30~오후 5:00,"['무료', '산책', '공원', '체험', '전통', '사진', '역사', '박물관', '옛날']"
조폐박물관,45.0,542.0,공공기관 건물,"1-1-79 Temma, Kita-Ku, 오사카, 오사카",https://media-cdn.tripadvisor.com/media/photo-s/0f/03/4c/e9/caption.jpg,"일본 〒530-0043 Osaka, Kita Ward, Tenma, 1 Chome−1−79 造幣博物館",〒530-0043 大阪府大阪市北区天満１丁目１−79 造幣博物館,https://www.mint.go.jp/enjoy/plant-osaka/plant_visit_museum_h.html,+81 6-6351-5361,4.1,오전 9:00~오후 4:45,오전 9:00~오후 4:45,오전 9:00~오후 4:45,오전 9:00~오후 4:45,오전 9:00~오후 4:45,오전 9:00~오후 4:45,오전 9:00~오후 4:45,"['산책', '체험', '꽃', '음식', '기념품', '휴식', '사진', '역사', '박물관', '무료']"
천연 노천온천 스파 스미노에,45.0,90.0,스파,"1-1-82 Izumi, Suminoe-Ku, 오사카, 오사카",https://media-cdn.tripadvisor.com/media/photo-s/11/34/3c/db/photo0jpg.jpg,"1 Chome-1-82 Izumi, Suminoe Ward, Osaka, 559-0023 일본",〒559-0023 大阪府大阪市住之江区泉１丁目１−82,http://www.spasuminoe.jp/,+81 6-6685-1126,4.1,오전 10:00~오전 2:00,오전 10:00~오전 2:00,오전 10:00~오전 2:00,오전 10:00~오전 2:00,오전 10:00~오전 2:00,오전 10:00~오전 2:00,오전 10:00~오전 2:00,"['목욕탕', '공원', '노천', '스파', '음식', '온천', '사우나', '휴식', '옷', '실내', '실외', '무료']"
천연온천 나니와노유,40.0,144.0,온천 리조트,"1-7-31 Nagaranishi Kita-ku, 오사카, 오사카",https://media-cdn.tripadvisor.com/media/photo-s/0e/ee/f1/1b/top.jpg,"일본 〒531-0061 Osaka, Kita Ward, Nagaranishi, 1 Chome−7−31 なにわの湯",〒531-0061 大阪府大阪市北区長柄西１丁目７−31 なにわの湯,https://www.naniwanoyu.com/,+81 6-6882-4126,4.1,오전 8:00~오전 1:00,오전 10:00~오전 1:00,오전 10:00~오전 1:00,오전 10:00~오전 1:00,오전 10:00~오전 1:00,오전 10:00~오전 1:00,오전 8:00~오전 1:00,"['노천', '스파', '음식', '온천', '사우나', '사진', '목욕탕', '실내', '박물관', '실외', '무료']"
키즈프라자 오사카,45.0,371.0,어린이 박물관,"2-1-7 Ogimachi, Kita-Ku, 오사카, 오사카",https://media-cdn.tripadvisor.com/media/photo-s/05/d2/52/06/caption.jpg,"2 Chome-1-7 Ogimachi, Kita Ward, Osaka, 530-0025 일본",〒530-0025 大阪府大阪市北区扇町２丁目１−7,https://www.kidsplaza.or.jp/,+81 6-6311-6601,4.3,오전 9:30~오후 4:30,오전 9:30~오후 4:30,오전 9:30~오후 4:30,오전 9:30~오후 4:30,오전 9:30~오후 4:30,오전 9:30~오후 4:30,오전 9:30~오후 4:30,"['놀이기구', '어린이', '체험', '공원', '음식', '게임', '휴식', '쇼핑', '실내', '과학관', '박물관', '무료']"
타카무라 와인 & 커피 로스터스,45.0,38.0,특산물 & 기념품 가게,"2-2-18 Edohori, Nishi-Ku, 오사카, 오사카",https://media-cdn.tripadvisor.com/media/photo-s/13/3f/7c/78/photo0jpg.jpg,"2 Chome-2-18 Edobori, Nishi Ward, Osaka, 550-0002 일본",〒550-0002 大阪府大阪市西区江戸堀２丁目２−18,http://takamuranet.com/,+81 6-6443-3519,4.4,오전 11:00~오후 7:30,오전 11:00~오후 7:30,오전 11:00~오후 7:30,휴무일,오전 11:00~오후 7:30,오전 11:00~오후 7:30,오전 11:00~오후 7:30,"['카페', '선물', '음식', '술', '휴식', '산', '쇼핑', '무료']"
태양의 탑,,,즐길거리 & 랜드마크,"1-1 Senribanpakukoen, Suita, Osaka 565-0826 일본",https://search.pstatic.net/common/?src=http%3A%2F%2Fblogfiles.naver.net%2FMjAxODAxMjVfOSAg%2FMDAxNTE2ODYyOTUxNTkx.h6cx1ezm_daZEqGJtToOQJRagB7pQj4igJ202osujLwg.lvZu-jzhuoNkyF8BcLekk24nHa1MjAETMq9ouRfbMHUg.JPEG.style-japan%2F25038439_2051070068461088_554719945678651392_n.jpg&type=a340,"1-1 Senribanpakukoen, Suita, Osaka 565-0826 일본",〒565-0826 大阪府吹田市千里万博公園１−1,taiyounotou-expo70.jp,+81 120-197-089,4.5,오전 10:00~오후 5:00,오전 10:00~오후 5:00,휴무일,오전 10:00~오후 5:00,오전 10:00~오후 5:00,오전 10:00~오후 5:00,오전 10:00~오후 5:00,"['박람회', '산책', '공원', '꽃', '체험', '광장', '기념품', '작품', '사진', '역사', '박물관', '옛날']"
텐로쿠 상점가 진흥조합 사무소,40.0,813.0,벼룩시장 & 재래시장,"5-6-30 Tenjimbashi Kita-ku, 오사카, 오사카",https://media-cdn.tripadvisor.com/media/photo-s/17/39/6d/de/caption.jpg,"6 Chome-5-17 Tenjinbashi, Kita Ward, Osaka, 530-0041 일본",〒530-0041 大阪府大阪市北区天神橋６丁目５−17,http://www.tenrokuworld.com/,+81 6-6358-0035,4.1,휴무일,오전 9:00~오후 4:00,오전 9:00~오후 4:00,오전 9:00~오후 4:00,오전 9:00~오후 4:00,오전 9:00~오후 4:00,오전 9:00~오후 4:00,"['카페', '산책', '전통', '음식', '음식점', '기념품', '자전거', '쇼핑', '옷', '시장', '박물관', '골목', '옛날']"
하루카스 300,45.0,293.0,전망대 & 타워,"1-1-43 Abenosuji, Abeno-Ku, 오사카, 오사카",https://media-cdn.tripadvisor.com/media/photo-s/14/30/66/3d/caption.jpg,"1 Chome-1-43 Abenosuji, Abeno Ward, Osaka, 545-0052 일본",〒545-0052 大阪府大阪市阿倍野区阿倍野筋１丁目１−43,abenoharukas-300.jp,+81 6-6621-0300,4.5,오전 9:00~오후 10:00,오전 9:00~오후 10:00,오전 9:00~오후 10:00,오전 9:00~오후 10:00,오전 9:00~오후 10:00,오전 9:00~오후 10:00,오전 9:00~오후 10:00,"['카페', '체험', '음식', '백화점', '야경', '기념품', '사진', '전망대', '실내', '무료']"
한큐 3번가,40.0,172.0,의류 및 액세서리,"1-1-3 Shibata Kita-ku, 오사카, 오사카",https://media-cdn.tripadvisor.com/media/photo-s/1a/cb/c9/33/hankyu-sanban-gai.jpg,"1 Chome-1-3 Shibata, Kita Ward, Osaka, 530-0012 일본",〒530-0012 大阪府大阪市北区芝田１丁目１−3,https://www.h-sanbangai.com/,+81 6-6371-3303,3.9,오전 10:00~오후 11:00,오전 10:00~오후 11:00,오전 10:00~오후 11:00,오전 10:00~오후 11:00,오전 10:00~오후 11:00,오전 10:00~오후 11:00,오전 10:00~오후 11:00,"['카페', '레고', '산책', '전통', '선물', '음식', '쇼핑몰', '음식점', '쇼핑', '강', '백화점', '휴식', '산', '사진', '옷', '지하상가', '옛날']"
한큐백화점,45.0,404.0,백화점,"8-7 Kakudacho, Kita-ku, 오사카, 오사카",https://media-cdn.tripadvisor.com/media/photo-s/11/1c/ae/de/caption.jpg,"8-7 Kakudacho, Kita Ward, Osaka, 530-8350 일본",〒530-8350 大阪府大阪市北区角田町８−7,https://www.hankyu-dept.co.jp/honten/?utm_source=hqhtgooglemap&utm_medium=storemedia&utm_campaign=information,+81 6-6361-1381,4.1,오전 10:00~오후 8:00,오전 10:00~오후 8:00,오전 10:00~오후 8:00,오전 10:00~오후 8:00,오전 10:00~오후 8:00,오전 10:00~오후 8:00,오전 10:00~오후 8:00,"['카페', '박람회', '선물', '음식', '백화점', '기념품', '광장', '작품', '술', '쇼핑', '옷', '먹거리']"
해유관,45.0,6665.0,수족관,"1-1-10 Kaigandori, Minato-ku, 오사카, 오사카",https://media-cdn.tripadvisor.com/media/photo-s/0a/fa/04/d2/photo6jpg.jpg,"1 Chome-1-10 Kaigandori, Minato Ward, Osaka, 552-0022 일본",〒552-0022 大阪府大阪市港区海岸通１丁目１−10,kaiyukan.com,+81 6-6576-5501,4.4,오전 10:00~오후 8:00,오전 10:00~오후 8:00,오전 10:00~오후 8:00,오전 10:00~오후 8:00,오전 10:00~오후 8:00,오전 9:30~오후 8:00,오전 9:30~오후 8:00,"['카페', '어린이', '체험', '인형', '관람차', '수족관', '아쿠아리움', '기념품', '바다', '사진', '쇼핑', '무료']"
헵파이브 대관람차,40.0,1213.0,즐길거리 & 랜드마크,"5-15 Kakudacho, Kita-ku, 오사카, 오사카",https://media-cdn.tripadvisor.com/media/photo-s/09/0d/49/e4/hep-five.jpg,"일본 〒530-0017 Osaka, Kita Ward, Kakudacho, 5−15 HEP FIVE 7F",〒530-0017 大阪府大阪市北区角田町５−15 HEP FIVE 7F,hepfive.jp,+81 6-6366-3634,4.3,오전 11:00~오후 10:45,오전 11:00~오후 10:45,오전 11:00~오후 10:45,오전 11:00~오후 10:45,오전 11:00~오후 10:45,오전 11:00~오후 10:45,오전 11:00~오후 10:45,"['관람차', '쇼핑몰', '백화점', '야경', '전망대', '사진', '쇼핑', '옷', '무료']"
호젠지,40.0,429.0,종교적인 장소,"1-2-16, Namba, Chuo, 오사카, 오사카",https://media-cdn.tripadvisor.com/media/photo-s/09/b4/63/1f/photo3jpg.jpg,"1 Chome-2-16 Nanba, Chuo Ward, Osaka, 542-0076 일본",〒542-0076 大阪府大阪市中央区難波１丁目２−16,houzenji.jp,+81 6-6211-4152,4.2,24시간 영업,24시간 영업,24시간 영업,24시간 영업,24시간 영업,24시간 영업,24시간 영업,"['불상', '산책', '음식점', '신사', '사원', '쇼핑', '사진', '역사', '절', '골목', '옛날']"
ABENO HARUKAS Art Museum,40.0,105.0,아트뮤지엄,"1-1-43 Abenosuji, Abeno-ku, 오사카, 오사카",https://media-cdn.tripadvisor.com/media/photo-s/13/40/2b/c6/caption.jpg,"일본 〒545-6016 Osaka, Abeno Ward, Abenosuji, 1 Chome−1−43 あべのハルカス 16階",〒545-6016 大阪府大阪市阿倍野区阿倍野筋１丁目１−43 あべのハルカス 16階,http://www.aham.jp/,+81 6-4399-9050,4.1,오전 10:00~오후 6:00,오전 10:00~오후 6:00,오전 10:00~오후 8:00,오전 10:00~오후 8:00,오전 10:00~오후 8:00,오전 10:00~오후 8:00,오전 10:00~오후 6:00,"['카페', '그림', '체험', '공원', '전시회', '박물관', '백화점', '작품', '사진', '쇼핑', '전망대', '애니메이션', '무료']"
Diamor 오사카(지하),,,기타,"일본 〒530-0001 Osaka, Kita Ward, Umeda, 1 Chome, 大阪駅前ダイヤモンド地下街 1号",https://search.pstatic.net/common/?src=http%3A%2F%2Fpost.phinf.naver.net%2FMjAyMzAyMTBfMjA1%2FMDAxNjc2MDEzODkzMzAz.nuUh9ZEVQX7KX2KbzK8TDgW_zC1_B695DZNDiZWBz14g.OcEEg5NB8pFNS3eG9Y9wMu7_chjZI8GD63ZrD5xskTsg.JPEG%2FII7dA7n7L5_-1y-fVsz7NLVlxeqA.jpg&type=a340,"일본 〒530-0001 Osaka, Kita Ward, Umeda, 1 Chome, 大阪駅前ダイヤモンド地下街 1号",〒530-0001 大阪府大阪市北区梅田１丁目 大阪駅前ダイヤモンド地下街 1号,diamor.jp,+81 6-6348-8931,4.2,오전 10:00~오후 9:00,오전 10:00~오후 9:00,오전 10:00~오후 9:00,오전 10:00~오후 9:00,오전 10:00~오후 9:00,오전 10:00~오후 9:00,오전 10:00~오후 9:00,"['카페', '음식', '쇼핑몰', '음식점', '백화점', '광장', '휴식', '사진', '쇼핑', '옷']"
Hozenji Yokocho,40.0,466.0,유서 깊은 산책로,"1, Namba, Chuo, 오사카, 오사카",https://media-cdn.tripadvisor.com/media/photo-s/0d/0d/ae/2f/caption.jpg,"1 Chome-1-6 Nanba, Chuo Ward, Osaka, 542-0076 일본",〒542-0076 大阪府大阪市中央区難波１丁目１−6,,,4.1,24시간 영업,24시간 영업,24시간 영업,24시간 영업,24시간 영업,24시간 영업,24시간 영업,"['불상', '산책', '음식점', '신사', '사원', '쇼핑', '사진', '역사', '절', '골목', '옛날']"
Takimikoji,40.0,130.0,기타,"1-1 Oyodonaka, Kita-Ku, 오사카, 오사카",https://media-cdn.tripadvisor.com/media/photo-s/0d/f3/1b/63/20161223-210617-largejpg.jpg,"1 Chome-1-88 Oyodonaka, Kita Ward, Osaka, 531-0076 일본",〒531-0076 大阪府大阪市北区大淀中１丁目１−88,http://www.takimikoji.jp/,+81 6-6440-3899,4.0,오전 11:30~오후 9:30,"수요일,오전 11:30~오후 9:30","수요일,오전 11:30~오후 9:30","수요일,오전 11:30~오후 9:30",휴무일,"수요일,오전 11:30~오후 9:30","수요일,오전 11:30~오후 9:30","['목욕탕', '산책', '음식', '음식점', '신사', '자전거', '사진', '전망대', '골목', '옛날']"
