Name,star,num,type,image,Address,Local_Address,Internet_Address,Call_Number,Rating,Sun,Mon,Tues,Wedn,Thur,Fri,Sat,keyword,lat,lng,cluster,avgTime,exp
간사이 공항,40.0,44.0,관광센터,https://media-cdn.tripadvisor.com/media/photo-s/15/4b/d3/79/outlook.jpg,일본 〒549-0011 오사카부 Sennan District 다지리조 센슈쿠코나카,〒549-0011 大阪府泉南郡田尻町泉州空港中,,,4.2,24시간 영업,24시간 영업,24시간 영업,24시간 영업,24시간 영업,24시간 영업,24시간 영업,,34.4324852330391,135.23074371347,Nan,0,오사카부에 있는 공항으로 인공 섬에 위치해 있으며 철도와 인근 호텔이 있습니다.
교세라 돔 오사카,40.0,323.0,스포츠 컴플렉스,https://media-cdn.tripadvisor.com/media/photo-s/08/93/b4/dc/caption.jpg,3 Chome-中２−１ Chiyozaki Nishi Ward Osaka 550-0023 일본,〒550-0023 大阪府大阪市西区千代崎３丁目中２−１,http://www.kyoceradome-osaka.jp/,+81 6-6586-0106,4.1,오전 11:00~오후 7:00,휴무일,오전 11:00~오후 7:00,오전 11:00~오후 7:00,오전 11:00~오후 7:00,오전 11:00~오후 7:00,오전 11:00~오후 7:00,"['음식', '경기장', '음식점', '쇼핑', '게임', '야구', '콘서트', '사진', '옛날']",34.6694504105225,135.476111461007,14,120,"미래 지향적인 디자인으로 명소가 된 51,000명 규모의 야구장 겸 공연장으로 1997년에 개장했습니다."
구로몬시장,40.0,3234.0,즐길거리 & 랜드마크,https://media-cdn.tripadvisor.com/media/photo-s/0d/bf/ef/a1/vista-de-uma-loja.jpg,2 Chome Nipponbashi Chuo Ward Osaka 542-0073 일본,〒542-0073 大阪府大阪市中央区日本橋２丁目,kuromon.com,없음,4.1,오전 9:00~오후 6:00,오전 9:00~오후 6:00,오전 9:00~오후 6:00,오전 9:00~오후 6:00,오전 9:00~오후 6:00,오전 9:00~오후 6:00,오전 9:00~오후 6:00,"['배', '음식', '쇼핑', '백화점', '기념품', '사진', '드럭스토어', '시장', '먹거리', '골목', '전통']",34.6655233629621,135.506204590244,3,30,"길거리 음식, 신선한 농산물, 갑각류, 기념품을 판매하는 드넓은 시장입니다."
국립국제미술관,35.0,200.0,즐길거리 & 랜드마크,https://media-cdn.tripadvisor.com/media/photo-s/11/88/a8/76/photo0jpg.jpg,4 Chome-2-55 Nakanoshima Kita Ward Osaka 530-0005 일본,〒530-0005 大阪府大阪市北区中之島４丁目２−55,https://www.nmao.go.jp/,+81 6-6447-4680,4.1,오전 10:00~오후 5:00,휴무일,오전 10:00~오후 5:00,오전 10:00~오후 5:00,오전 10:00~오후 5:00,오전 10:00~오후 8:00,오전 10:00~오후 8:00,"['카페', '그림', '전시회', '작품', '사진', '과학관', '박물관', '무료']",34.6919962378332,135.492037186506,0,90,기념품 상점이 딸린 지하 미술관으로 유명 작가들의 작품을 다양한 방식으로 전시합니다.
국립문락극장,45.0,164.0,시어터,https://media-cdn.tripadvisor.com/media/photo-s/16/13/3c/52/13.jpg,1 Chome-12-10 Nipponbashi Chuo Ward Osaka 542-0073 일본,〒542-0073 大阪府大阪市中央区日本橋１丁目１２−10,http://www.ntj.jac.go.jp/bunraku.html,+81 6-6212-2531,4.1,홈페이지 참조,홈페이지 참조,홈페이지 참조,홈페이지 참조,홈페이지 참조,홈페이지 참조,홈페이지 참조,"['무료', '극장', '체험', '인형', '꽃', '전통', '음식', '사진', '역사', '공연', '박물관', '옛날']",34.6674888795058,135.508730854192,3,150,편안한 좌석이 마련된 대형 극장으로 일본 전통극을 선보입니다.
그랜드 프론트 오사카,40.0,530.0,쇼핑몰,https://media-cdn.tripadvisor.com/media/photo-s/08/29/21/89/caption.jpg,4-20 Ofukacho Kita Ward Osaka 530-0011 일본,〒530-0011 大阪府大阪市北区大深町４−20,http://www.grandfront-osaka.jp/,+81 6-6372-6300,4.0,오전 11:00~오후 9:00,오전 11:00~오후 9:00,오전 11:00~오후 9:00,오전 11:00~오후 9:00,오전 11:00~오후 9:00,오전 11:00~오후 9:00,오전 11:00~오후 9:00,"['카페', '산책', '체험', '음식', '쇼핑몰', '음식점', '백화점', '야경', '광장', '휴식', '사진', '쇼핑', '옷', '무료']",34.7040422381707,135.494877981182,0,180,"서일본 최대의 터미널 오사카 우메다역 앞의 이곳은 패셥, 잡화, 라이프스타일, 뷰티, 카페, 레스토랑 등 약 270개의 점포를 갖춘 쇼핑타운입니다."
기시와다성,40.0,113.0,성,https://media-cdn.tripadvisor.com/media/photo-s/17/63/b0/d4/dsc-0263-largejpg.jpg,9-1 Kishikicho Kishiwada Osaka 596-0073 일본,〒596-0073 大阪府岸和田市岸城町９−1,http://www.city.kishiwada.osaka.jp/soshiki/36/kishiwadajyo.html,+81 72-431-3251,4.0,오전 10:00~오후 8:30,오전 10:00~오후 5:00,오전 10:00~오후 5:00,오전 10:00~오후 5:00,오전 10:00~오후 5:00,오전 10:00~오후 8:30,오전 10:00~오후 8:30,"['무료', '산책', '공원', '성', '신사', '역사', '사진', '산', '전망대', '박물관', '옛날']",34.4587983414231,135.370782878257,6,60,"기시와다성과 성을 둘러싼 고풍스러운 거리는 일본의 옛 모습을 엿보기에 좋은 곳입니다. 1300년대 처음 축성된 기시와다성은 유명한 [히코네성]과 유사한 구조를 갖고 있으며, 일본 조경의 대가 시게모리 미레이가 설계한 정갈한 정원이 성 바로 앞에 자리하고 있습니다."
나가이 공원,40.0,235.0,가든,https://media-cdn.tripadvisor.com/media/photo-s/09/72/83/7f/caption.jpg,1-1 Nagaikoen Higashisumiyoshi Ward Osaka 546-0034 일본,〒546-0034 大阪府大阪市東住吉区長居公園１−1,http://www.nagai-park.jp/,+81 6-6694-9007,4.1,24시간 영업,24시간 영업,24시간 영업,24시간 영업,24시간 영업,24시간 영업,24시간 영업,"['놀이기구', '카페', '무료', '어린이', '축구', '산책', '공원', '꽃', '식물원', '경기장', '수영장', '광장', '휴식', '콘서트', '자전거', '박물관', '옛날']",34.6126993922652,135.520043940695,2,120,"큰 나무와 꽃이 가득하고 탁 트인 푸른 잔디밭과 야구장, 수영장이 있는 공원입니다."
나가이 얀마스타디움,40.0,104.0,스포츠 컴플렉스,https://media-cdn.tripadvisor.com/media/photo-s/0a/bb/de/c8/vista-desde-la-tribuna.jpg,1-1 Nagaikoen Higashisumiyoshi Ward Osaka 546-0034 일본,〒546-0034 大阪府大阪市東住吉区長居公園１−1,https://www.nagaipark.com/stadium/,+81 6-6691-2500,4.0,오전 9:00~오후 9:00,휴무일,오전 9:00~오후 9:00,오전 9:00~오후 9:00,오전 9:00~오후 9:00,오전 9:00~오후 9:00,오전 9:00~오후 9:00,"['축구', '산책', '공원', '식물원', '음식', '경기장', '게임', '콘서트']",34.6142695783221,135.518547771662,2,120,얀마 스타디움 나가이(일본어: ヤンマースタジアム長居)는 일본 오사카부 오사카시 히가시스미요시구 나가이 공원 1-1 에 있는 축구·육상 겸용 경기장이다.
나카노시마 장미 정원,40.0,543.0,공원,https://media-cdn.tripadvisor.com/media/photo-s/16/4b/60/8c/caption.jpg,1 Chome-1 Nakanoshima Kita Ward Osaka 530-0005 일본,〒530-0005 大阪府大阪市北区中之島１丁目１,https://city-osaka.net/nakanoshimakoen/,+81 6-6312-8121,4.1,24시간 영업,24시간 영업,24시간 영업,24시간 영업,24시간 영업,24시간 영업,24시간 영업,"['카페', '산책', '공원', '꽃', '음식점', '강', '광장', '휴식', '사진', '역사', '무료']",34.6919600956099,135.509790138852,13,150,"1891년에 조성한 오사카 최초의 공원으로, 도서관, 장미 정원, 도자기 박물관이 있습니다."
난바 시티 본관,40.0,131.0,쇼핑몰,https://media-cdn.tripadvisor.com/media/photo-s/0b/97/53/49/city.jpg,5 Chome-1-60 Nanba Chuo Ward Osaka 542-0076 일본,〒542-0076 大阪府大阪市中央区難波５丁目１−60,https://nambacity.com/,+81 6-6644-2960,3.9,오전 11:00~오후 9:00,오전 11:00~오후 9:00,오전 11:00~오후 9:00,오전 11:00~오후 9:00,오전 11:00~오후 9:00,오전 11:00~오후 9:00,오전 11:00~오후 9:00,"['산책', '음식', '쇼핑몰', '음식점', '백화점', '광장', '쇼핑', '옷', '먹거리', '옛날']",34.6641892379215,135.501534025356,3,120,도심에 자리한 지하 쇼핑몰로 레스토랑과 기도실이 있습니다.
난바 워크,40.0,247.0,쇼핑몰,https://media-cdn.tripadvisor.com/media/photo-s/15/21/90/f5/namba-walk.jpg,1 Chome Sennichimae Chuo Ward Osaka 542-0074 일본,〒542-0074 大阪府大阪市中央区千日前１丁目,http://walk.osaka-chikagai.jp/,+81 6-6643-1866,3.9,오전 10:00~오후 9:00,오전 10:00~오후 9:00,오전 10:00~오후 9:00,오전 10:00~오후 9:00,오전 10:00~오후 9:00,오전 10:00~오후 9:00,오전 10:00~오후 9:00,"['카페', '산책', '음식', '쇼핑몰', '음식점', '광장', '쇼핑', '옷', '지하상가', '먹거리', '옛날']",34.6672816041245,135.503037554192,3,60,난바 워크なんばウォーク오사카 최대 규모의 지하상가! 난바역과 닛폰바시역을 이어주는 긴 지하통로입니다.
난바 파크스,40.0,375.0,쇼핑몰,https://media-cdn.tripadvisor.com/media/photo-s/17/d0/b6/ba/namba-parks-osaka.jpg,2 Chome-10-70 Nanbanaka Naniwa Ward Osaka 556-0011 일본,〒556-0011 大阪府大阪市浪速区難波中２丁目１０−70,https://nambaparks.com/,+81 6-6644-7100,4.0,오전 11:00~오후 9:00,오전 11:00~오후 9:00,오전 11:00~오후 9:00,오전 11:00~오후 9:00,오전 11:00~오후 9:00,오전 11:00~오후 9:00,오전 11:00~오후 9:00,"['카페', '어린이', '산책', '공원', '꽃', '음식', '쇼핑몰', '음식점', '백화점', '야경', '휴식', '쇼핑', '옷', '무료']",34.6618112416826,135.50187052351,3,60,"유명 브랜드 매장, 레스토랑, 영화관, 루프톱 정원이 있는 고급 쇼핑몰입니다."
니시노마루 정원,40.0,121.0,가든,https://media-cdn.tripadvisor.com/media/photo-s/09/a6/5f/6e/caption.jpg,2 Osakajo Chuo Ward Osaka 540-0002 일본,〒540-0002 大阪府大阪市中央区大阪城2,http://www.osakacastle.net/park/,+81 6-6941-1717,4.1,오전 9:00~오후 5:00,휴무일,오전 9:00~오후 5:00,오전 9:00~오후 5:00,오전 9:00~오후 5:00,오전 9:00~오후 5:00,오전 9:00~오후 5:00,"['어린이', '산책', '공원', '꽃', '음식', '성', '광장', '휴식', '사진', '역사', '무료']",34.6869132036796,135.523445496522,9,20,"잘 다듬어진 잔디밭, 토피어리 조각상, 벚꽃이 있는 아름다운 도심 공원입니다."
다이마루 백화점 신사이바시점,40.0,231.0,백화점,https://media-cdn.tripadvisor.com/media/photo-s/0b/45/ba/6b/caption.jpg,1 Chome-7-1 Shinsaibashisuji Chuo Ward Osaka 542-8501 일본,〒542-8501 大阪府大阪市中央区心斎橋筋１丁目７−1,http://www.daimaru.co.jp/shinsaibashi/,+81 6-6271-1231,4.0,오전 10:00~오후 8:00,오전 10:00~오후 8:00,오전 10:00~오후 8:00,오전 10:00~오후 8:00,오전 10:00~오후 8:00,오전 10:00~오후 8:00,오전 10:00~오후 8:00,"['카페', '무료', '전통', '선물', '음식', '백화점', '기념품', '쇼핑', '옷', '옛날']",34.673399395778,135.500961296522,3,45,다양한 인기 매장과 레스토랑이 입점한 활기찬 백화점입니다.
다카시마야 오사카점,40.0,241.0,역사적인 장소,https://media-cdn.tripadvisor.com/media/photo-s/1b/54/30/9a/caption.jpg,5 Chome-1-5 Nanba Chuo Ward Osaka 542-8510 일본,〒542-8510 大阪府大阪市中央区難波５丁目１−5,https://www.takashimaya.co.jp/osaka/,+81 6-6631-1101,4.0,오전 10:00~오후 8:00,오전 10:00~오후 8:00,오전 10:00~오후 8:00,오전 10:00~오후 8:00,오전 10:00~오후 8:00,오전 10:00~오후 8:00,오전 10:00~오후 8:00,"['무료', '전통', '선물', '음식', '백화점', '기념품', '술', '산', '쇼핑', '옛날']",34.6648037122615,135.501211125356,3,45,"오사카점 지점안내.다카시마야는 도쿄, 오사카, 교토, 나고야 등 전국에 지점을 둔 일본의 유명 백화점 중 하나입니다. "
더 심포니홀,45.0,124.0,즐길거리 & 랜드마크,https://media-cdn.tripadvisor.com/media/photo-s/12/ed/d3/87/the-entrance-through.jpg,2 Chome-3-3 Oyodominami Kita Ward Osaka 531-0075 일본,〒531-0075 大阪府大阪市北区大淀南２丁目３−3,http://www.symphonyhall.jp/,+81 6-6453-1010,4.3,홈페이지 참조,홈페이지 참조,홈페이지 참조,홈페이지 참조,홈페이지 참조,홈페이지 참조,홈페이지 참조,"['카페', '공원', '음식', '음식점', '휴식', '콘서트', '공연', '오케스트라', '옛날']",34.7017804305337,135.485977196523,0,120,"오케스트라 공연이 열리는 1,704석 규모 공연장으로 발코니, 카페, 라운지가 있습니다."
덴노지동물원,35.0,737.0,동물원,https://media-cdn.tripadvisor.com/media/photo-s/07/58/1a/ed/caption.jpg,1-108 Chausuyamacho Tennoji Ward Osaka 543-0063 일본,〒543-0063 大阪府大阪市天王寺区茶臼山町１−108,https://www.tennojizoo.jp/,+81 6-6771-8401,4.0,오전 9:30~오후 5:00,휴무일,오전 9:30~오후 5:00,오전 9:30~오후 5:00,오전 9:30~오후 5:00,오전 9:30~오후 5:00,오전 9:30~오후 5:00,"['무료', '어린이', '산책', '공원', '동물원', '음식', '광장', '기념품', '사진', '역사', '옛날']",34.6508648612881,135.509031549644,11,150,텐노지 공원의 중심지로 사바나에서 열대 우림까지 다양한 서식지의 생물 200종 이상이 살고 있습니다.
덴덴타운 닛폰바시전기가,40.0,562.0,인근 지역,https://media-cdn.tripadvisor.com/media/photo-s/0b/30/ae/c6/photo0jpg.jpg,일본 〒556-0005 Osaka Naniwa Ward Nipponbashi 3 Chome 〜５丁目,〒556-0005 大阪府大阪市浪速区日本橋３丁目 〜５丁目,nippombashi.jp,+81 6-6655-1717,4.0,오전 11:00~오후 7:00,오전 11:00~오후 7:00,오전 11:00~오후 7:00,오전 11:00~오후 7:00,오전 11:00~오후 7:00,오전 11:00~오후 7:00,오전 11:00~오후 7:00,"['카페', '인형', '음식', '메이드', '음식점', '게임', '만화', '시장', '쇼핑', '애니메이션', '옛날']",34.6602880968887,135.505749496521,3,120,"활기 넘치는 지역으로 중고 비디오 게임, 첨단 기술, 애니메이션, 만화 등을 전문으로 판매하는 상점이 있습니다."
덴포잔 대관람차,40.0,1683.0,즐길거리 & 랜드마크,https://media-cdn.tripadvisor.com/media/photo-s/0f/91/7d/50/ferris-wheel.jpg,1 Chome-1-10 Kaigandori Minato Ward Osaka 552-0022 일본,〒552-0022 大阪府大阪市港区海岸通１丁目１−10,senyo.co.jp,+81 6-6576-6222,4.4,오전 11:00~오후 9:00,오전 11:00~오후 9:00,오전 11:00~오후 9:00,오전 11:00~오후 9:00,오전 11:00~오후 9:00,오전 10:00~오후 10:00,오전 10:00~오후 10:00,"['배', '관람차', '쇼핑몰', '수족관', '야경', '아쿠아리움', '바다', '사진', '쇼핑', '전망대', '항구', '무료']",34.6564009524444,135.430933710015,5,15,승객 480명을 수용하는 112.5m 높이의 관람차에서 탁 트인 풍경과 조명 쇼를 볼 수 있습니다.
덴포잔 하버 빌리지,40.0,235.0,즐길거리 & 랜드마크,https://media-cdn.tripadvisor.com/media/photo-s/09/94/1c/40/caption.jpg,1 Chome-1-10 Kaigandori Minato Ward Osaka 552-0022 일본,〒552-0022 大阪府大阪市港区海岸通１丁目１−10,http://www.kaiyukan.com/thv/,+81 6-6576-5501,4.1,오전 10:00~오후 8:00,오전 10:00~오후 8:00,오전 10:00~오후 8:00,오전 10:00~오후 8:00,오전 10:00~오후 8:00,오전 10:00~오후 8:00,오전 10:00~오후 8:00,"['산책', '배', '쇼핑몰', '아쿠아리움', '바다', '관람차', '음식점', '광장', '옛날', '레고', '야경', '기념품', '사진', '쇼핑', '항구', '어린이', '음식', '수족관', '공연', '무료']",34.6560955560215,135.4302072708,5,150,"쇼핑과 엔터테인먼트를 즐길 수 있는 항구 인근의 단지로 수족관, 대관람차 등이 있습니다."
도톤보리,45.0,12478.0,인근 지역,https://media-cdn.tripadvisor.com/media/photo-s/09/6c/92/dc/dotonbori.jpg,1 Chome Dotonbori Chuo Ward Osaka 542-0071 일본,〒542-0071 大阪府大阪市中央区道頓堀１丁目,dotonbori.or.jp,+81 6-6211-4542,4.3,24시간 영업,24시간 영업,24시간 영업,24시간 영업,24시간 영업,24시간 영업,24시간 영업,"['배', '음식', '먹거리', '음식점', '쇼핑몰', '강', '야경', '기념품', '술', '사진', '쇼핑', '시장', '골목', '드럭스토어', '무료']",34.6690057669178,135.501318556941,3,90,"도톤보리는 학생들과 퇴근한 직장인들이 즐겨 찾는 소규모 바와 이자카야 선술집으로 가득한 운하 인근의 엔터테인먼트 지역입니다. 밤이 되면 좁은 골목길은 유명한 글리코제과점 옥외 간판처럼 형형색색의 네온사인으로 빛나고 다코야키를 판매하는 노점이 길거리에 줄지어 늘어섭니다. 쇼치쿠자 극장에서는 가부키 연극과 라이브 음악 공연이 열리고, 가미가타 우키요에칸에서는 전통 목판화 전시를 감상할 수 있습니다."
도톤보리 글리코 사인,40.0,185.0,즐길거리 & 랜드마크,https://media-cdn.tripadvisor.com/media/photo-s/18/15/61/2d/caption.jpg,1 Chome-10-3 Dotonbori Chuo Ward Osaka 542-0071 일본,〒542-0071 大阪府大阪市中央区道頓堀１丁目１０−3,https://www.glico.com/jp/enjoy/contents/glicosign/,+81 120-917-111,4.4,24시간 영업,24시간 영업,24시간 영업,24시간 영업,24시간 영업,24시간 영업,24시간 영업,"['배', '음식', '강', '야경', '사진', '쇼핑', '먹거리']",34.6691173237826,135.501048510016,3,5,글리코 제과 회사 광고로 1935년에 설치된 유명한 대형 광고판입니다.
돈키호테 도톤보리점,50.0,1.0,특산물 & 기념품 가게,https://media-cdn.tripadvisor.com/media/photo-s/27/41/99/20/store-exterior.jpg,7-13 Souemoncho Chuo Ward Osaka 542-0084 일본,〒542-0084 大阪府大阪市中央区宗右衛門町７−13,https://www.donki.com/store/shop_detail.php?shop_id=110,+81 570-026-511,3.8,오전 11:00~오전 2:00,오전 11:00~오전 2:00,오전 11:00~오전 2:00,오전 11:00~오전 2:00,오전 11:00~오전 2:00,오전 11:00~오전 2:00,오전 11:00~오전 2:00,"['선물', '관람차', '쇼핑', '기념품', '사진', '드럭스토어', '시장', '먹거리']",34.6695096467409,135.502569194675,3,30,"식료품, 장난감, 신발, 기타 생활용품을 판매하는 편의점입니다."
레고랜드 디스커버리센터 오사카,35.0,198.0,놀이공원 & 테마파크,https://media-cdn.tripadvisor.com/media/photo-s/0a/8b/f2/57/100.jpg,일본 〒552-0022 Osaka Minato Ward Kaigandori 1 Chome−1−10 天保山マーケットプレース3階,〒552-0022 大阪府大阪市港区海岸通１丁目１−10 天保山マーケットプレース3階,https://www.legolanddiscoverycenter.com/osaka/,+81 800-100-5346,3.9,오전 10:00~오후 6:00,오전 10:00~오후 6:00,오전 10:00~오후 6:00,오전 10:00~오후 6:00,오전 10:00~오후 6:00,오전 10:00~오후 6:00,오전 10:00~오후 6:00,"['놀이기구', '카페', '레고', '어린이', '극장', '체험', '공원', '어트랙션', '음식', '관람차', '게임', '수족관', '작품', '사진', '쇼핑', '실내', '무료']",34.6564084308647,135.430266254191,5,150,"가족을 위한 실내 레고 명소로 놀이기구, 4D 영화관, 여러 놀이 공간이 갖춰져 있습니다."
린쿠프리미엄아웃렛,40.0,779.0,팩토리 아울렛,https://media-cdn.tripadvisor.com/media/photo-s/14/62/54/92/caption.jpg,3-28 Rinkuoraiminami Izumisano Osaka 598-8508 일본,〒598-8508 大阪府泉佐野市りんくう往来南3-28,https://www.premiumoutlets.co.jp/rinku/,+81 72-458-4600,4.1,오전 10:00~오후 8:00,오전 10:00~오후 8:00,오전 10:00~오후 8:00,오전 10:00~오후 8:00,오전 10:00~오후 8:00,오전 10:00~오후 8:00,오전 10:00~오후 8:00,"['산책', '공원', '아울렛', '음식', '관람차', '쇼핑몰', '음식점', '바다', '휴식', '쇼핑', '옷', '무료']",34.4065602257557,135.295472940687,8,60,현대적인 쇼핑센터로 브랜드 제품을 할인된 가격에 구매할 수 있는 글로벌 아웃렛 매장이 입점해 있습니다.
메이드리밍 오사카 난바점,50.0,610.0,디저트 카페,https://media-cdn.tripadvisor.com/media/photo-s/25/a3/ff/d2/caption.jpg,일본 〒556-0011 Osaka Naniwa Ward Nanbanaka 2 Chome−2−21 NAMBA VALLE BLD. 3F,〒556-0011 大阪府大阪市浪速区難波中２丁目２−21 NAMBA VALLE BLD. 3F,없음,없음,4.2,오전 11:30~오후 11:00,오전 11:30~오후 11:00,오전 11:30~오후 11:00,오전 11:30~오후 11:00,오전 11:30~오후 11:00,오전 10:30~오후 11:00,오전 10:30~오후 11:00,"['카페', '그림', '체험', '음식', '메이드', '기념품', '술', '사진', '공연']",34.6632037907437,135.503827796521,3,60,"도쿄 아키하바라 및 기타 주요 지역에 있는 대표적인 메이드 카페, 메이드리밍에 방문하세요. 귀여운 메이드 코스튬과 각종 사랑스러운 장식품이 잔뜩 있답니다."
모마 사쿠라노미야 공원,45.0,263.0,공원,https://media-cdn.tripadvisor.com/media/photo-s/0a/57/dc/20/caption.jpg,Nakanocho Miyakojima Ward Osaka 534-0027 일본,〒534-0027 大阪府大阪市都島区中野町,http://www.osakapark.osgf.or.jp/kema_sakuranomiya/,+81 6-6912-0650,4.0,24시간 영업,24시간 영업,24시간 영업,24시간 영업,24시간 영업,24시간 영업,24시간 영업,"['산책', '공원', '꽃', '배', '성', '음식', '강', '휴식', '사진', '자전거', '무료']",34.7053095345542,135.518843796523,13,120,"게마 사쿠라노미야 공원은 오가와강을 따라 4km나 길게 이어져 있는데, 강기슭을 따라 벚나무가 빽빽이 늘어서 있습니다. 매년 봄이면 공원을 찾는 주민들로 붐빕니다."
반파쿠기넨코엔 (엑스포’70 기념공원),40.0,580.0,공원,https://media-cdn.tripadvisor.com/media/photo-s/16/3a/29/73/caption.jpg,Senribanpakukoen Suita Osaka 565-0826 일본,〒565-0826 大阪府吹田市千里万博公園,http://www.expo70-park.jp/,+81 6-6877-7387,4.2,오전 9:30~오후 5:00,오전 9:30~오후 5:00,오전 9:30~오후 5:00,휴무일,오전 9:30~오후 5:00,오전 9:30~오후 5:00,오전 9:30~오후 5:00,"['놀이기구', '무료', '박람회', '어린이', '산책', '공원', '꽃', '음식', '관람차', '쇼핑몰', '쇼핑', '광장', '휴식', '사진', '자전거', '박물관', '옛날']",34.8084940726782,135.532350767692,7,150,"1970년 세계 박람회 부지에 조성된 공원으로, 박물관, 경기장, 태양의 탑이 있습니다."
센니치마에 도구야스지 상점가,40.0,475.0,벼룩시장 & 재래시장,https://media-cdn.tripadvisor.com/media/photo-s/1a/af/73/05/caption.jpg,14-5 Nanbasennichimae Chuo Ward Osaka 542-0075 일본,〒542-0075 大阪府大阪市中央区難波千日前１４−5,http://www.doguyasuji.or.jp/,+81 6-6633-1423,4.1,오전 10:00~오후 6:00,오전 10:00~오후 6:00,오전 10:00~오후 6:00,오전 10:00~오후 6:00,오전 10:00~오후 6:00,오전 10:00~오후 6:00,오전 10:00~오후 6:00,"['선물', '음식', '음식점', '백화점', '기념품', '시장', '쇼핑', '골목', '옛날']",34.6639066669314,135.503452881181,3,90,"가정용품, 주방용품, 도자기류, 도구 등을 판매하는 전문 쇼핑가입니다."
소라니와 온천 오사카베이타워,,,온천 리조트,https://search.pstatic.net/common/?src=http%3A%2F%2Fblogfiles.naver.net%2FMjAxOTA4MTZfNjMg%2FMDAxNTY1ODk3MDIwMDcy.YnvthQvULFyb-IBAvnezgvrM0anX0nOqv-78umd69Vgg.P5NKaFrf0YmVjyFC7ISgM5r9p3IhyP6McsUQAFj2-oog.JPEG.gliceryn%2F%25BC%25D2%25B6%25F3%25B4%25CF%25BF%25CD_%25BF%25C2%25C3%25B5-71.jpg&type=a340,1 Chome-2-3 Benten Minato Ward Osaka 552-0007 일본,〒552-0007 大阪府大阪市港区弁天１丁目２−3,solaniwa.com,+81 6-7670-5126,3.9,오전 11:00~오후 11:00,오전 11:00~오후 11:00,오전 11:00~오후 11:00,오전 11:00~오후 11:00,오전 11:00~오후 11:00,오전 11:00~오후 11:00,오전 11:00~오후 11:00,"['목욕탕', '산책', '체험', '노천', '스파', '음식', '음식점', '온천', '만화', '유카타', '사우나', '휴식', '사진', '옷', '무료']",34.6705608202456,135.459515410016,14,120,오사카 베이 타워에 위치하고 있는 소라니와 온천은 간사이 지역 최대 규모를 자랑한답니다. 
스미요시 타이샤,45.0,866.0,종교적인 장소,https://media-cdn.tripadvisor.com/media/photo-s/14/e4/12/00/sumiyoshi-taisha-shrine.jpg,2 Chome-9-89 Sumiyoshi Sumiyoshi Ward Osaka 558-0045 일본,〒558-0045 大阪府大阪市住吉区住吉２丁目９−89,http://www.sumiyoshitaisha.net/,+81 6-6672-0753,4.4,오전 6:30~오후 5:00,오전 6:30~오후 5:00,오전 6:30~오후 5:00,오전 6:30~오후 5:00,오전 6:30~오후 5:00,오전 6:30~오후 5:00,오전 6:30~오후 5:00,"['무료', '산책', '공원', '사원', '신사', '바다', '사진', '역사', '옛날']",34.612501973587,135.49372638295,12,60,"멋진 풍경으로 둘러싸인 역사적인 3세기 신사로, 붉은 인도교와 평화로운 정원이 있습니다."
스파월드,40.0,834.0,놀이공원 & 테마파크,https://media-cdn.tripadvisor.com/media/photo-s/12/6a/b6/f3/6.jpg,3 Chome-4-24 Ebisuhigashi Naniwa Ward Osaka 556-0002 일본,〒556-0002 大阪府大阪市浪速区恵美須東３丁目４−24,http://www.spaworld.co.jp/,+81 6-6631-0001,4.0,오전 10:00~오전 8:45,오전 10:00~오전 8:45,오전 10:00~오전 8:45,오전 10:00~오전 8:45,오전 10:00~오전 8:45,오전 10:00~오전 8:45,오전 10:00~오전 8:45,"['어린이', '목욕탕', '노천', '스파', '음식', '음식점', '온천', '수영장', '사우나', '휴식', '옷', '실내', '무료']",34.6501235222796,135.505629254191,11,120,오사카 스파월드SPAWORLD세계테마를 이용한 스파월드로서다양한 볼거리와 먹거리 수영과 온천을동시에 즐길 수 있습니다.
시텐노지,40.0,1083.0,종교적인 장소,https://media-cdn.tripadvisor.com/media/photo-s/09/0d/8a/7f/shitennoji-temple.jpg,1 Chome-11-18 Shitennoji Tennoji Ward Osaka 543-0051 일본,〒543-0051 大阪府大阪市天王寺区四天王寺１丁目11-18,shitennoji.or.jp,+81 6-6771-0066,4.3,오전 8:00~오후 4:00,오전 8:00~오후 4:00,오전 8:00~오후 4:00,오전 8:00~오후 4:00,오전 8:00~오후 4:00,오전 8:00~오후 4:00,오전 8:00~오후 4:00,"['절', '무료', '산책', '배', '사원', '신사', '산', '역사', '사진', '시장', '불상', '옛날']",34.6546610591973,135.516545354191,11,90,"593년에 처음 지어져 복원된 불교 사찰로 5층탑, 불상, 거북이 연못이 있습니다."
신사이바시스지 상점가,40.0,4908.0,인근 지역,https://media-cdn.tripadvisor.com/media/photo-s/0b/84/8a/c6/beautiful-evening-scenes.jpg,2 Chome-2-22 Shinsaibashisuji Chuo Ward Osaka 542-0085 일본,〒542-0085 大阪府大阪市中央区心斎橋筋２丁目２−22,https://www.shinsaibashi.or.jp/,+81 6-6211-1114,4.3,오전 11:00~오후 8:00,오전 11:00~오후 8:00,오전 11:00~오후 8:00,오전 11:00~오후 8:00,오전 11:00~오후 8:00,오전 11:00~오후 8:00,오전 11:00~오후 8:00,"['카페', '산책', '음식', '먹거리', '음식점', '쇼핑몰', '강', '백화점', '기념품', '사진', '쇼핑', '옷', '시장', '골목', '드럭스토어', '옛날']",34.671176489966,135.501348125357,3,60,이 활기찬 쇼핑 지구에는 공항 배달 서비스를 제공하는 다양한 고급 면세점이 있습니다.
신세카이 혼도리 상점가,40.0,1525.0,즐길거리 & 랜드마크,https://media-cdn.tripadvisor.com/media/photo-s/09/c3/76/e8/shinsekai.jpg,일본 〒556-0002 Osaka Naniwa Ward Ebisuhigashi 2 Chome−5−1 ニューマルコ,〒556-0002 大阪府大阪市浪速区恵美須東２丁目５−1 ニューマルコ,shinsekai.jp,MG24+J9 오사카시 일본 오사카부,4.0,24시간 영업,24시간 영업,24시간 영업,24시간 영업,24시간 영업,24시간 영업,24시간 영업,"['산책', '공원', '전통', '동물원', '스파', '배', '음식', '음식점', '게임', '기념품', '술', '사진', '쇼핑', '전망대', '시장', '옛날']",34.6518572208755,135.505977654191,11,120,"1912년에 조성된 분주하고 다채로운 지역으로, 103m 높이의 타워, 레스토랑, 기념품 가게가 있습니다."
신우메다 시티,40.0,459.0,건축물,https://media-cdn.tripadvisor.com/media/photo-s/0c/b8/c0/b9/vista1.jpg,1 Chome-1-88 Oyodonaka Kita Ward Osaka 531-0076 일본,〒531-0076 大阪府大阪市北区大淀中１丁目１−88,http://www.skybldg.co.jp/,+81 6-6440-3899,4.1,오전 9:30~오후 10:00,오전 9:30~오후 10:00,오전 9:30~오후 10:00,오전 9:30~오후 10:00,오전 9:30~오후 10:00,오전 9:30~오후 10:00,오전 9:30~오후 10:00,"['카페', '산책', '공원', '음식', '음식점', '야경', '휴식', '사진', '쇼핑', '전망대', '시장', '무료']",34.7052168347321,135.490129311864,0,90,"우메다 스카이빌딩(공중정원 전망대)이 있는 '신 우메다 시티'의 종합 안내소. 시설 안내는 물론, 오사카 관광에 대한 상담도 해드립니다."
쓰텐카쿠,35.0,1838.0,건축물,https://media-cdn.tripadvisor.com/media/photo-s/16/2c/75/75/photo0jpg.jpg,1 Chome-18-6 Ebisuhigashi Naniwa Ward Osaka 556-0002 일본,〒556-0002 大阪府大阪市浪速区恵美須東１丁目１８−6,tsutenkaku.co.jp,+81 6-6641-9555,4.0,오전 10:00~오후 8:00,오전 10:00~오후 8:00,오전 10:00~오후 8:00,오전 10:00~오후 8:00,오전 10:00~오후 8:00,오전 10:00~오후 8:00,오전 10:00~오후 8:00,"['무료', '공원', '동물원', '음식', '음식점', '게임', '야경', '기념품', '사진', '역사', '전망대', '먹거리', '골목', '옛날']",34.6527021639954,135.50626288118,11,30,네온 조명으로 유명한 이 랜드마크는 대중에게 개방된 전망대를 갖추고 있습니다.
아베노 하루카스,40.0,1792.0,즐길거리 & 랜드마크,https://media-cdn.tripadvisor.com/media/photo-s/0e/d4/e8/fd/caption.jpg,1 Chome-1-43 Abenosuji Abeno Ward Osaka 545-6016 일본,〒545-6016 大阪府大阪市阿倍野区阿倍野筋１丁目１−43,https://www.abenoharukas-300.jp/,+81 6-6621-0300,4.1,오전 9:00~오후 10:00,오전 9:00~오후 10:00,오전 9:00~오후 10:00,오전 9:00~오후 10:00,오전 9:00~오후 10:00,오전 9:00~오후 10:00,오전 9:00~오후 10:00,"['카페', '체험', '음식', '쇼핑몰', '음식점', '백화점', '야경', '사진', '쇼핑', '전망대', '무료']",34.6462325048317,135.513500384873,11,60,"오사카에서 가장 높은 건물로 전망대, 백화점, 미술관, 호텔이 있습니다."
아키바 카트 오사카,50.0,751.0,시티 투어,https://media-cdn.tripadvisor.com/media/photo-s/13/fa/df/87/nice-face.jpg,3 Chome-3-9 Nipponbashi Naniwa Ward Osaka 556-0005 일본,〒556-0005 大阪府大阪市浪速区日本橋３丁目３−9,http://osakakart.com/,+81 90-3821-0330,4.9,오전 10:00~오후 8:00,오전 10:00~오후 8:00,오전 10:00~오후 8:00,오전 10:00~오후 8:00,오전 10:00~오후 8:00,오전 10:00~오후 8:00,오전 10:00~오후 8:00,"['체험', '카트', '성', '강', '야경', '사진', '옷', '무료']",34.6898785419206,135.468253746561,14,60,오사카 아키바 카트Akiba Kart Osaka in Namba카트를 타고 오사카 도심을 달린다!국제면허가 있으시다면 아키바 카트 투어를이용해보시는걸 강력 추천합니다!
에비스 다리,40.0,630.0,브리지,https://media-cdn.tripadvisor.com/media/photo-s/0e/d0/db/3d/caption.jpg,1 Chome Dotonbori Chuo Ward Osaka 542-0071 일본,〒542-0071 大阪府大阪市中央区道頓堀１丁目,https://www.city.osaka.lg.jp/kensetsu/page/0000021695.html,,4.1,24시간 영업,24시간 영업,24시간 영업,24시간 영업,24시간 영업,24시간 영업,24시간 영업,"['산책', '배', '음식', '강', '야경', '기념품', '사진', '쇼핑', '옛날']",34.6692111798643,135.501278938851,3,3,번화한 쇼핑 지역으로 연결되는 보행자 전용 다리로 유명한 글리코상 광고판이 보입니다.
오사카 과학기술관,,,전문 박물관,https://search.pstatic.net/common/?src=http%3A%2F%2Fblogfiles.naver.net%2FMjAyMjExMDdfMTkw%2FMDAxNjY3NzcwNzM2NDEy.EPY8DjUwZh0tKxorQgiZfnFHSUzGye9B_hmwjFWPLQ8g.1jaC8dnFq6vTeVigobUVWO8USlPpxFq65CDj5yXhJf8g.JPEG.keys2flower%2FIMG_7024.jpg&type=a340,1 Chome-8-4 Utsubohonmachi Nishi Ward Osaka 550-0004 일본,〒550-0004 大阪府大阪市西区靱本町１丁目８−4,ostec.or.jp,+81 6-6441-0915,3.7,오전 10:00~오후 5:00,오전 10:00~오후 5:00,오전 10:00~오후 5:00,오전 10:00~오후 5:00,오전 10:00~오후 5:00,오전 10:00~오후 5:00,오전 10:00~오후 5:00,"['어린이', '체험', '전시회', '과학관', '박물관', '무료']",34.6866168680728,135.49634808444,0,60,깔끔한 과학 기술 박물관으로 어린이를 위한 다양한 전시가 열립니다.
오사카 국제공항,,,기타,https://search.pstatic.net/common/?src=http%3A%2F%2Fblogfiles.naver.net%2FMjAyMDA0MTdfMTAx%2FMDAxNTg3MDkxMzAyMzc4.SwtHWG4hcQ4aLhrHvMfiDQ2ibE_YwFeVUKeXnDu_SMsg.9VI7v-VBDRM-BQX5SQTxkpq77LHaJAhnl_CxE25bwl8g.JPEG.heejung0340%2FIMG_1475.JPG&type=a340,3 Chome-555 Hotarugaike Nishimachi Toyonaka Osaka 560-0036 일본,〒560-0036 大阪府豊中市螢池西町３丁目555,osaka-airport.co.jp,+81 6-6856-6781,4.9,운행정보 없음,운행정보 없음,운행정보 없음,운행정보 없음,운행정보 없음,운행정보 없음,운행정보 없음,,34.786479690034,135.43771585235,Nan,0,일본 오사카부와 효고현에 걸쳐 있는 국내선 전용 공항. 터미널이 있는 효고현 이타미시의 이름에서 따와 '이타미 공항'이라 불린다.
오사카 부 사키시마청사 전망대,40.0,156.0,전망대 & 타워,https://media-cdn.tripadvisor.com/media/photo-s/08/16/e5/28/caption.jpg,일본 〒559-0034 Osaka Suminoe Ward Nankokita 1 Chome−14−16 咲洲庁舎,〒559-0034 大阪府大阪市住之江区南港北１丁目１４−16 咲洲庁舎,http://sakishima-observatory.com/,+81 6-6615-6055,4.3,오전 11:00~오후 10:00,휴무일,오전 11:00~오후 10:00,오전 11:00~오후 10:00,오전 11:00~오후 10:00,오전 11:00~오후 10:00,오전 11:00~오후 10:00,"['배', '관람차', '실내', '온천', '야경', '바다', '사진', '전망대', '항구', '무료']",34.6383672808074,135.414906963707,5,45,"코스모타워, WTC, 오사카 월드 트레이드 센터라고도 불리는 · 오사카부 사키시마 청사의 최상층에 있는 전망대 입니다. "
오사카 성,40.0,7920.0,성,https://media-cdn.tripadvisor.com/media/photo-s/14/19/ad/ef/osaka-castle.jpg,1-1 Osakajo Chuo Ward Osaka 540-0002 일본,〒540-0002 大阪府大阪市中央区大阪城１−1,osakacastle.net,+81 6-6941-3044,4.4,오전 9:00~오후 5:00,오전 9:00~오후 5:00,오전 9:00~오후 5:00,오전 9:00~오후 5:00,오전 9:00~오후 5:00,오전 9:00~오후 5:00,오전 9:00~오후 5:00,"['무료', '그림', '산책', '공원', '체험', '배', '성', '신사', '기념품', '사진', '역사', '전망대', '실내', '박물관', '옛날']",34.6873417231585,135.525848815556,9,20,1597년에 지어진 이후 복원된 성으로 정원과 다양한 전시물을 갖춘 박물관이 있습니다.
오사카 성 공원,,,공원,https://search.pstatic.net/common/?src=http%3A%2F%2Fblogfiles.naver.net%2FMjAyMjEwMTlfMTU3%2FMDAxNjY2MTgzNTUzNTQz.gl3otE2CTUe-2q17UC5dHVpHzUXIPPECm4qF_ndcTKcg.0TfPpXpZHh8LO0tDGuAOFa7YKLtj-YxKL1iouOV18-4g.JPEG.uneven08%2F2775.JPG&type=a340,1-1 Osakajo Chuo Ward Osaka 540-0002 일본,〒540-0002 大阪府大阪市中央区大阪城１−1,osakacastlepark.jp,+81 6-6755-4146,4.3,24시간 영업,24시간 영업,24시간 영업,24시간 영업,24시간 영업,24시간 영업,24시간 영업,"['카페', '무료', '산책', '공원', '배', '성', '신사', '야경', '기념품', '휴식', '사진', '역사', '전망대', '박물관', '전통']",34.6867065368935,135.526213595952,9,20,"벚꽃, 운동장, 야외극장 등과 더불어 정원이 있는 광활한 녹지 공간입니다."
오사카 성 천수각,,,역사적인 장소,https://search.pstatic.net/common/?src=http%3A%2F%2Fblogfiles.naver.net%2FMjAyMjEwMjRfMjgx%2FMDAxNjY2NjE4ODQ4NTk2.ey7qjXGh6AvNna6gWUCjY24QZCLCN90ATmRrVfsN-sog.AY09tVh1SYRBlIGA3xvQfpUw2c2eSClURmataaJ9mCcg.JPEG.yjy8856%2FScreenshot_20221024_213504.jpg&type=a340,1-1 Osakajo Chuo Ward Osaka 540-0002 일본,〒540-0002 大阪府大阪市中央区大阪城１−1,osakacastle.net,+81 6-6941-3044,4.4,오전 9:00~오후 5:00,오전 9:00~오후 5:00,오전 9:00~오후 5:00,오전 9:00~오후 5:00,오전 9:00~오후 5:00,오전 9:00~오후 5:00,오전 9:00~오후 5:00,"['산책', '공원', '체험', '배', '성', '기념품', '사진', '역사', '전망대', '박물관', '무료']",34.6875181629228,135.525848815556,9,20,오사카성 단지에 우뚝 솟아 있는 인상적인 다층탑으로 금박 세공으로 장식했으며 박물관이 있습니다.
오사카 수상버스 아쿠아라이너,40.0,150.0,페리,https://media-cdn.tripadvisor.com/media/photo-s/0f/52/28/90/caption.jpg,2 Osakajo Chuo Ward Osaka 540-0002 일본,〒540-0002 大阪府大阪市中央区大阪城２,suijo-bus.osaka,+81 570-035-551,4.2,오전 10:00~오후 4:00,오전 10:00~오후 4:00,오전 10:00~오후 4:00,오전 10:00~오후 4:00,오전 10:00~오후 4:00,오전 10:00~오후 4:00,오전 10:00~오후 4:00,"['카페', '산책', '공원', '체험', '선물', '배', '성', '강', '휴식', '사진', '역사', '실내', '무료']",34.6896929557146,135.533087383028,9,40,28 오사카 수상버스 아쿠아 라이너 無料. 물의 도시・오사카를 강 위에서 감상하는 수상 버스. 오사카성이나 나카노시마 등의 관광 명소를 약 40분간 크루즈.
오사카 스테이션 시티,40.0,485.0,백화점,https://media-cdn.tripadvisor.com/media/photo-s/18/b4/08/78/osc.jpg,3 Chome-1-3 Umeda Kita Ward Osaka 530-0001 일본,〒530-0001 大阪府大阪市北区梅田３丁目１−3,osakastationcity.com,+81 6-6458-0212,3.9,오전 10:00~오후 6:00,오전 10:00~오후 6:00,오전 10:00~오후 6:00,오전 10:00~오후 6:00,오전 10:00~오후 6:00,오전 10:00~오후 6:00,오전 10:00~오후 6:00,"['카페', '무료', '산책', '음식', '쇼핑몰', '음식점', '백화점', '야경', '광장', '기념품', '휴식', '사진', '쇼핑', '옛날']",34.7025222248288,135.495934087006,0,90,"오사카 스테이션시티. 쇼핑, 엔터테인먼트, 레스토랑...이곳에만 오면 하루종일 즐겁게 지낼 수 있는 최신의 멋진 명소!"
오사카 시립 주택 박물관,40.0,833.0,전문 박물관,https://media-cdn.tripadvisor.com/media/photo-s/05/e5/15/6d/osaka-museum-of-housing.jpg,일본 〒530-0041 Osaka Kita Ward Tenjinbashi 6 Chome−4−20 住まい情報センタービル 8階,〒530-0041 大阪府大阪市北区天神橋６丁目４−20 住まい情報センタービル 8階,osaka-angenet.jp,+81 6-6242-1170,4.1,오전 10:00~오후 5:00,휴무일,오전 10:00~오후 5:00,오전 10:00~오후 5:00,오전 10:00~오후 5:00,오전 10:00~오후 5:00,오전 10:00~오후 5:00,"['무료', '체험', '전통', '박물관', '실내', '온천', '유카타', '기념품', '사진', '역사', '옷', '시장', '기모노', '옛날']",34.7105081441209,135.511284681182,13,90,과거 오사카의 삶을 엿볼 수 있는 건물과 거리를 재구성한 모형이 있는 박물관입니다.
오사카 역사 박물관,40.0,601.0,역사박물관,https://media-cdn.tripadvisor.com/media/photo-s/0c/23/e0/62/caption.jpg,4 Chome-1-32 Otemae Chuo Ward Osaka 540-0008 일본,〒540-0008 大阪府大阪市中央区大手前４丁目１−32,http://www.mus-his.city.osaka.jp/,+81 6-6946-5728,4.1,오전 9:30~오후 5:00,오전 9:30~오후 5:00,휴무일,오전 9:30~오후 5:00,오전 9:30~오후 5:00,오전 9:30~오후 5:00,오전 9:30~오후 5:00,"['어린이', '그림', '체험', '공원', '전시회', '성', '게임', '사진', '역사', '박물관', '무료']",34.6829846171552,135.520786767687,9,45,고대부터 현재까지의 오사카 역사를 살펴볼 수 있는 현대적인 박물관입니다.
오사카 이쿠노 코리아타운,40.0,423.0,즐길거리 & 랜드마크,https://media-cdn.tripadvisor.com/media/photo-s/14/c6/cb/d7/img-0355-largejpg.jpg,4 Chome-5-１５付近 Momodani Ikuno Ward Osaka 544-0034 일본,〒544-0034 大阪府大阪市生野区桃谷４丁目５−１５付近,https://osaka-koreatown.com/,+81 6-6712-7150,3.9,오전 10:00~오후 6:00,오전 10:00~오후 6:00,오전 10:00~오후 6:00,오전 10:00~오후 6:00,오전 10:00~오후 6:00,오전 10:00~오후 6:00,오전 10:00~오후 6:00,"['카페', '산책', '공원', '배', '음식', '음식점', '기념품', '사진', '쇼핑', '시장', '먹거리', '옛날']",34.660759995169,135.537357737004,9,45,"한식당, 쇼핑 명소, 길거리 음식으로 유명한 활기찬 도심 지역입니다."
오사카 컵라면박물관,45.0,683.0,전문 박물관,https://media-cdn.tripadvisor.com/media/photo-s/0f/a5/c5/02/the-place.jpg,8-25 Masumicho Ikeda Osaka 563-0041 일본,〒563-0041 大阪府池田市満寿美町８−25,https://www.cupnoodles-museum.jp/ja/osaka_ikeda/,+81 72-752-3484,4.3,오전 9:30~오후 4:30,오전 9:30~오후 4:30,휴무일,오전 9:30~오후 4:30,오전 9:30~오후 4:30,오전 9:30~오후 4:30,오전 9:30~오후 4:30,"['어린이', '그림', '체험', '선물', '기념품', '역사', '컵라면', '박물관', '무료']",34.8182404933637,135.426712325363,4,90,라멘의 역사와 문화를 전시하는 이색적인 박물관으로 공장을 관람하고 시식을 해볼 수 있습니다.
오사카 텐만구 신사,40.0,373.0,종교적인 장소,https://media-cdn.tripadvisor.com/media/photo-s/19/89/0f/7c/caption.jpg,2 Chome-1-8 Tenjinbashi Kita Ward Osaka 530-0041 일본,〒530-0041 大阪府大阪市北区天神橋２丁目１−8,https://osakatemmangu.or.jp/,+81 6-6353-0025,4.2,오전 9:00~오후 5:00,오전 9:00~오후 5:00,오전 9:00~오후 5:00,오전 9:00~오후 5:00,오전 9:00~오후 5:00,오전 9:00~오후 5:00,오전 9:00~오후 5:00,"['산책', '인형', '꽃', '쇼핑', '신사', '휴식', '사진', '역사', '옛날']",34.6962692782994,135.512644867687,13,30,7월에 일본의 가장 큰 축제 중 하나인 텐진 마쓰리가 열리는 10세기 신사입니다.
오사카시 중앙공회당,40.0,387.0,역사적인 장소 즐길거리 & 랜드마크,https://dynamic-media-cdn.tripadvisor.com/media/photo-o/15/22/98/70/osaka-city-central-hall.jpg?w=1100&h=500&s=1,일본 〒530-0005 Osaka Kita Ward Nakanoshima 1 Chome−1−27 大阪市中央公会堂 B1F,〒530-0005 大阪府大阪市北区中之島１丁目１−27 大阪市中央公会堂 B1F,osaka-chuokokaido.jp,+81 6-6208-2002,4.2,오전 9:30~오후 9:30,오전 9:30~오후 9:30,오전 9:30~오후 9:30,오전 9:30~오후 9:30,오전 9:30~오후 9:30,오전 9:30~오후 9:30,오전 9:30~오후 9:30,"['카페', '무료', '산책', '공원', '역사', '콘서트', '사진', '옛날']",34.6937601847187,135.503998127204,0,30,"신고전주의 양식으로 복원된 1913년에 지어진 공회당으로 행사, 콘서트, 강의가 열립니다."
오사카시립 나가이 식물원,,,공원,https://search.pstatic.net/common/?src=http%3A%2F%2Fblogfiles.naver.net%2FMjAxODA4MTJfOTIg%2FMDAxNTM0MDgxMjQ5Mzk3.KcQrrV92rRr19Qm2rJJQFC8FzNzU-pfi0o0zcmNbIUEg.YeByztfI7jL88AgiBdeNNTCyfhn3b1SmkmtdfI8UpcIg.JPEG.pandom128%2F1533797026_b.jpg&type=a340,1-23 Nagaikoen Higashisumiyoshi Ward Osaka 546-0034 일본,〒546-0034 大阪府大阪市東住吉区長居公園１−23,botanical-garden.nagai-park.jp,+81 6-6696-7117,4.2,오전 9:30~오후 4:30,오전 9:30~오후 4:30,오전 9:30~오후 4:30,오전 9:30~오후 4:30,오전 9:30~오후 4:30,오전 9:30~오후 4:30,오전 9:30~오후 4:30,"['카페', '산책', '공원', '꽃', '식물원', '광장', '휴식', '사진', '자전거', '박물관', '무료']",34.6114592701738,135.522646800918,2,120,오사카 시립 나가이식물원大阪市立長居植物園약 1200종류의 식물을 관리하고 있는오사카의 식물원.평소에 식물에 관심이 많거나 힐링하고 싶으신분들에게 추천합니다.
요시모토 난바그랜드카게쓰 극장,45.0,577.0,시어터,https://media-cdn.tripadvisor.com/media/photo-s/05/b5/d2/da/caption.jpg,11-6 Nanbasennichimae Chuo Ward Osaka 542-0075 일본,〒542-0075 大阪府大阪市中央区難波千日前１１−6,http://www.yoshimoto.co.jp/ngk,+81 6-6641-0888,4.3,홈페이지 참조,홈페이지 참조,홈페이지 참조,홈페이지 참조,홈페이지 참조,홈페이지 참조,홈페이지 참조,"['극장', '인형', '꽃', '선물', '배', '음식', '음식점', '기념품', '휴식', '사진', '공연', '옛날']",34.6651810090473,135.503687783027,3,120,"난바 오카게츠키 극장은 토, 토, 요시모토 신희극 등을 공개적으로 공연합니다. NGK라고 합니다."
우메다 공중정원,,,공원,https://search.pstatic.net/common/?src=http%3A%2F%2Fblogfiles.naver.net%2F20160525_212%2Ftojls_14641523831265REAE_JPEG%2F%25BF%25EC%25B8%25DE%25B4%25D915.JPG&type=a340,일본 〒531-6039 Osaka Kita Ward Oyodonaka 1 Chome−1−88 梅田スカイビル,〒531-6039 大阪府大阪市北区大淀中１丁目１−88 梅田スカイビル,skybldg.co.jp,+81 6-6440-3855,4.3,오전 9:30~오후 10:00,오전 9:30~오후 10:00,오전 9:30~오후 10:00,오전 9:30~오후 10:00,오전 9:30~오후 10:00,오전 9:30~오후 10:00,오전 9:30~오후 10:00,"['카페', '관람차', '야경', '기념품', '전망대', '사진', '옷', '실내', '실외', '무료']",34.7055135546452,135.490546625358,0,30,"탁 트인 도시 전망을 감상할 수 있는 현대적인 실내외 전망대로 식당, 카페, 선물 가게가 있습니다."
우메다 스카이빌딩,40.0,3023.0,건축물,https://media-cdn.tripadvisor.com/media/photo-s/09/7b/c8/e8/floating-garden.jpg,1 Chome-1-88 Oyodonaka Kita Ward Osaka 531-6023 일본,〒531-6023 大阪府大阪市北区大淀中１丁目１−88,skybldg.co.jp,+81 6-6440-3899,4.2,오전 9:30~오후 10:30,오전 9:30~오후 10:30,오전 9:30~오후 10:30,오전 9:30~오후 10:30,오전 9:30~오후 10:30,오전 9:30~오후 10:30,오전 9:30~오후 10:30,"['카페', '음식', '관람차', '강', '야경', '기념품', '전망대', '사진', '옷', '실내', '무료']",34.7054635744263,135.489674154193,0,30,루프톱 정원 전망대와 연결되어 있는 고층 건물로 도시 전망을 즐길 수 있는 레스토랑과 라운지가 있습니다.
우쓰보 공원,40.0,240.0,시어터,https://media-cdn.tripadvisor.com/media/photo-s/16/4c/00/ab/caption.jpg,Utsubohonmachi Nishi Ward Osaka 550-0004 일본,〒550-0004 大阪府大阪市西区靱本町,http://www.city.osaka.lg.jp/nishi/page/0000057760.html,+81 6-6941-1144,4.1,24시간 영업,24시간 영업,24시간 영업,24시간 영업,24시간 영업,24시간 영업,24시간 영업,"['놀이기구', '카페', '어린이', '산책', '공원', '꽃', '음식점', '강', '광장', '휴식', '사진', '옛날']",34.6853022066184,135.493812640698,0,60,"장미 정원, 테니스 센터, 운동장, 식당이 있는 직사각형 모양의 휴양 공원입니다."
유니버셜 스튜디오 재팬,40.0,10770.0,놀이공원 & 테마파크,https://media-cdn.tripadvisor.com/media/photo-s/22/33/49/48/super-nintendo-world.jpg,2 Chome-1-33 Sakurajima Konohana Ward Osaka 554-0031 일본,〒554-0031 大阪府大阪市此花区桜島２丁目１−33,usj.co.jp,+81 570-200-606,4.5,오전 10:00~오후 10:00,오전 10:00~오후 10:00,오전 10:00~오후 10:00,오전 10:00~오후 10:00,오전 10:00~오후 10:00,오전 10:00~오후 10:00,오전 10:00~오후 10:00,"['놀이기구', '체험', '공원', '어트랙션', '음식', '음식점', '게임', '기념품', '사진', '퍼레이드', '공연']",34.6656537565988,135.432316738851,5,480,이 광대한 테마파크는 인기 있는 미국 영화를 테마로 한 놀이기구 및 라이브 엔터테인먼트를 제공합니다.
일본민가취락박물관,45.0,89.0,역사박물관,https://media-cdn.tripadvisor.com/media/photo-s/07/d9/c9/96/open-air-museum-of-old.jpg,1-2 Hattoriryokuchi Toyonaka Osaka 561-0873 일본,〒561-0873 大阪府豊中市服部緑地１−2,https://www.occh.or.jp/minka/,+81 6-6862-3137,4.2,오전 9:30~오후 5:00,휴무일,오전 9:30~오후 5:00,오전 9:30~오후 5:00,오전 9:30~오후 5:00,오전 9:30~오후 5:00,오전 9:30~오후 5:00,"['무료', '산책', '공원', '체험', '전통', '사진', '역사', '박물관', '옛날']",34.7796875768179,135.487172023515,10,120,일본 각지 사람들의 생활 모습을 현재에 전하는 민가 취락 박물관. 기본 정보. 도요나카시 핫토리 료쿠치 공원 일각에 있는 일본 최초의 야외 박물관. 
조폐박물관,45.0,542.0,공공기관 건물,https://media-cdn.tripadvisor.com/media/photo-s/0f/03/4c/e9/caption.jpg,일본 〒530-0043 Osaka Kita Ward Tenma 1 Chome−1−79 造幣博物館,〒530-0043 大阪府大阪市北区天満１丁目１−79 造幣博物館,https://www.mint.go.jp/enjoy/plant-osaka/plant_visit_museum_h.html,+81 6-6351-5361,4.1,오전 9:00~오후 4:45,오전 9:00~오후 4:45,오전 9:00~오후 4:45,오전 9:00~오후 4:45,오전 9:00~오후 4:45,오전 9:00~오후 4:45,오전 9:00~오후 4:45,"['산책', '체험', '꽃', '음식', '기념품', '휴식', '사진', '역사', '박물관', '무료']",34.6960662457048,135.521635049797,13,30,화폐 및 다양한 전시물이 있는 오사카 조폐박물관. 오사카 조폐박물관은 외관상 일본 건물이라기보다는 서양식에 가깝습니다.
천연 노천온천 스파 스미노에,45.0,90.0,스파,https://media-cdn.tripadvisor.com/media/photo-s/11/34/3c/db/photo0jpg.jpg,1 Chome-1-82 Izumi Suminoe Ward Osaka 559-0023 일본,〒559-0023 大阪府大阪市住之江区泉１丁目１−82,http://www.spasuminoe.jp/,+81 6-6685-1126,4.1,오전 10:00~오전 2:00,오전 10:00~오전 2:00,오전 10:00~오전 2:00,오전 10:00~오전 2:00,오전 10:00~오전 2:00,오전 10:00~오전 2:00,오전 10:00~오전 2:00,"['목욕탕', '공원', '노천', '스파', '음식', '온천', '사우나', '휴식', '옷', '실내', '실외', '무료']",34.6105507671784,135.468658396519,12,120,실내외 수영장을 갖춘 대중 온천탕으로 치료사의 반사 요법과 마사지를 받을 수 있습니다.
천연온천 나니와노유,40.0,144.0,온천 리조트,https://media-cdn.tripadvisor.com/media/photo-s/0e/ee/f1/1b/top.jpg,일본 〒531-0061 Osaka Kita Ward Nagaranishi 1 Chome−7−31 なにわの湯,〒531-0061 大阪府大阪市北区長柄西１丁目７−31 なにわの湯,https://www.naniwanoyu.com/,+81 6-6882-4126,4.1,오전 8:00~오전 1:00,오전 10:00~오전 1:00,오전 10:00~오전 1:00,오전 10:00~오전 1:00,오전 10:00~오전 1:00,오전 10:00~오전 1:00,오전 8:00~오전 1:00,"['노천', '스파', '음식', '온천', '사우나', '사진', '목욕탕', '실내', '박물관', '실외', '무료']",34.7047491759498,135.510441796523,13,120,천연 온천수를 활용한 다양한 시설과 마사지 서비스를 갖춘 도심 온천입니다.
키즈프라자 오사카,45.0,371.0,어린이 박물관,https://media-cdn.tripadvisor.com/media/photo-s/05/d2/52/06/caption.jpg,2 Chome-1-7 Ogimachi Kita Ward Osaka 530-0025 일본,〒530-0025 大阪府大阪市北区扇町２丁目１−7,https://www.kidsplaza.or.jp/,+81 6-6311-6601,4.3,오전 9:30~오후 4:30,오전 9:30~오후 4:30,오전 9:30~오후 4:30,오전 9:30~오후 4:30,오전 9:30~오후 4:30,오전 9:30~오후 4:30,오전 9:30~오후 4:30,"['놀이기구', '어린이', '체험', '공원', '음식', '게임', '휴식', '쇼핑', '실내', '과학관', '박물관', '무료']",34.7150966633503,135.513546867688,13,120,독특하고 현대적인 어린이 과학 및 교육 박물관으로 체험형 학습실과 공방이 있습니다.
타카무라 와인 & 커피 로스터스,45.0,38.0,특산물 & 기념품 가게,https://media-cdn.tripadvisor.com/media/photo-s/13/3f/7c/78/photo0jpg.jpg,2 Chome-2-18 Edobori Nishi Ward Osaka 550-0002 일본,〒550-0002 大阪府大阪市西区江戸堀２丁目２−18,http://takamuranet.com/,+81 6-6443-3519,4.4,오전 11:00~오후 7:30,오전 11:00~오후 7:30,오전 11:00~오후 7:30,휴무일,오전 11:00~오후 7:30,오전 11:00~오후 7:30,오전 11:00~오후 7:30,"['카페', '선물', '음식', '술', '휴식', '산', '쇼핑', '무료']",34.6874505908283,135.491062081181,0,45,트렌디하고 쾌적한 분위기에서 다양한 와인과 매장에서 로스팅한 카페인 브루 커피를 즐길 수 있습니다.
태양의 탑,,,즐길거리 & 랜드마크,https://search.pstatic.net/common/?src=http%3A%2F%2Fblogfiles.naver.net%2FMjAxODAxMjVfOSAg%2FMDAxNTE2ODYyOTUxNTkx.h6cx1ezm_daZEqGJtToOQJRagB7pQj4igJ202osujLwg.lvZu-jzhuoNkyF8BcLekk24nHa1MjAETMq9ouRfbMHUg.JPEG.style-japan%2F25038439_2051070068461088_554719945678651392_n.jpg&type=a340,1-1 Senribanpakukoen Suita Osaka 565-0826 일본,〒565-0826 大阪府吹田市千里万博公園１−1,taiyounotou-expo70.jp,+81 120-197-089,4.5,오전 10:00~오후 5:00,오전 10:00~오후 5:00,휴무일,오전 10:00~오후 5:00,오전 10:00~오후 5:00,오전 10:00~오후 5:00,오전 10:00~오후 5:00,"['박람회', '산책', '공원', '꽃', '체험', '광장', '기념품', '작품', '사진', '역사', '박물관', '옛날']",34.8096461071486,135.532403767692,7,5,1970년 세계 박람회를 위해 만든 거대하고 색다른 조각품으로 사전 예약 투어를 제공합니다.
텐로쿠 상점가 진흥조합 사무소,40.0,813.0,벼룩시장 & 재래시장,https://media-cdn.tripadvisor.com/media/photo-s/17/39/6d/de/caption.jpg,6 Chome-5-17 Tenjinbashi Kita Ward Osaka 530-0041 일본,〒530-0041 大阪府大阪市北区天神橋６丁目５−17,http://www.tenrokuworld.com/,+81 6-6358-0035,4.1,휴무일,오전 9:00~오후 4:00,오전 9:00~오후 4:00,오전 9:00~오후 4:00,오전 9:00~오후 4:00,오전 9:00~오후 4:00,오전 9:00~오후 4:00,"['카페', '산책', '전통', '음식', '음식점', '기념품', '자전거', '쇼핑', '옷', '시장', '박물관', '골목', '옛날']",34.709949323683,135.511619410018,13,90,"다양한 상점 600여 개가 자리 잡고 있는 거리로, 일본에서 가장 긴 쇼핑 거리 중 하나입니다."
하루카스 300,45.0,293.0,전망대 & 타워,https://media-cdn.tripadvisor.com/media/photo-s/14/30/66/3d/caption.jpg,1 Chome-1-43 Abenosuji Abeno Ward Osaka 545-0052 일본,〒545-0052 大阪府大阪市阿倍野区阿倍野筋１丁目１−43,abenoharukas-300.jp,+81 6-6621-0300,4.5,오전 9:00~오후 10:00,오전 9:00~오후 10:00,오전 9:00~오후 10:00,오전 9:00~오후 10:00,오전 9:00~오후 10:00,오전 9:00~오후 10:00,오전 9:00~오후 10:00,"['카페', '체험', '음식', '백화점', '야경', '기념품', '사진', '전망대', '실내', '무료']",34.6465180055083,135.513309096521,11,60,"58~60층에 위치한 3개 층의 전망 공간, 야외 아트리움, 유리로 둘러싸인 카페가 있습니다."
한큐 3번가,40.0,172.0,의류 및 액세서리,https://media-cdn.tripadvisor.com/media/photo-s/1a/cb/c9/33/hankyu-sanban-gai.jpg,1 Chome-1-3 Shibata Kita Ward Osaka 530-0012 일본,〒530-0012 大阪府大阪市北区芝田１丁目１−3,https://www.h-sanbangai.com/,+81 6-6371-3303,3.9,오전 10:00~오후 11:00,오전 10:00~오후 11:00,오전 10:00~오후 11:00,오전 10:00~오후 11:00,오전 10:00~오후 11:00,오전 10:00~오후 11:00,오전 10:00~오후 11:00,"['카페', '레고', '산책', '전통', '선물', '음식', '쇼핑몰', '음식점', '쇼핑', '강', '백화점', '휴식', '산', '사진', '옷', '지하상가', '옛날']",34.7060637929968,135.498442610018,0,120,"한큐 3번가는 한큐 오사카 우메다 역과 바로 연결되는 대형 쇼핑몰로, 한큐 그룹이 운영하고 있다."
한큐백화점,45.0,404.0,백화점,https://media-cdn.tripadvisor.com/media/photo-s/11/1c/ae/de/caption.jpg,8-7 Kakudacho Kita Ward Osaka 530-8350 일본,〒530-8350 大阪府大阪市北区角田町８−7,https://www.hankyu-dept.co.jp/honten/?utm_source=hqhtgooglemap&utm_medium=storemedia&utm_campaign=information,+81 6-6361-1381,4.1,오전 10:00~오후 8:00,오전 10:00~오후 8:00,오전 10:00~오후 8:00,오전 10:00~오후 8:00,오전 10:00~오후 8:00,오전 10:00~오후 8:00,오전 10:00~오후 8:00,"['카페', '박람회', '선물', '음식', '백화점', '기념품', '광장', '작품', '술', '쇼핑', '옷', '먹거리']",34.7029420576987,135.498543025358,0,120,"한큐백화점 우메다 본점은 오사카 우메다역과 직접 연결된 편리한 입지에 자리하고 있으며, 명품, 패션, 화장품, 푸드, 레스토랑 등 다양한 카테고리를 갖추었다."
해유관,45.0,6665.0,수족관,https://media-cdn.tripadvisor.com/media/photo-s/0a/fa/04/d2/photo6jpg.jpg,1 Chome-1-10 Kaigandori Minato Ward Osaka 552-0022 일본,〒552-0022 大阪府大阪市港区海岸通１丁目１−10,kaiyukan.com,+81 6-6576-5501,4.4,오전 10:00~오후 8:00,오전 10:00~오후 8:00,오전 10:00~오후 8:00,오전 10:00~오후 8:00,오전 10:00~오후 8:00,오전 9:30~오후 8:00,오전 9:30~오후 8:00,"['카페', '어린이', '체험', '인형', '관람차', '수족관', '아쿠아리움', '기념품', '바다', '사진', '쇼핑', '무료']",34.6545887768583,135.428943038851,5,120,세계에서 가장 큰 수족관 중 하나로 북극부터 열대 해양생물에 이르는 다양한 종을 볼 수 있습니다.
헵파이브 대관람차,40.0,1213.0,즐길거리 & 랜드마크,https://media-cdn.tripadvisor.com/media/photo-s/09/0d/49/e4/hep-five.jpg,일본 〒530-0017 Osaka Kita Ward Kakudacho 5−15 HEP FIVE 7F,〒530-0017 大阪府大阪市北区角田町５−15 HEP FIVE 7F,hepfive.jp,+81 6-6366-3634,4.3,오전 11:00~오후 10:45,오전 11:00~오후 10:45,오전 11:00~오후 10:45,오전 11:00~오후 10:45,오전 11:00~오후 10:45,오전 11:00~오후 10:45,오전 11:00~오후 10:45,"['관람차', '쇼핑몰', '백화점', '야경', '전망대', '사진', '쇼핑', '옷', '무료']",34.703955196668,135.499897381182,0,15,헵파이브 쇼핑 단지 옥상에 있는 75미터의 붉은 대관람차로 탁 트인 전망을 감상할 수 있습니다.
호젠지,40.0,429.0,종교적인 장소,https://media-cdn.tripadvisor.com/media/photo-s/09/b4/63/1f/photo3jpg.jpg,1 Chome-2-16 Nanba Chuo Ward Osaka 542-0076 일본,〒542-0076 大阪府大阪市中央区難波１丁目２−16,houzenji.jp,+81 6-6211-4152,4.2,24시간 영업,24시간 영업,24시간 영업,24시간 영업,24시간 영업,24시간 영업,24시간 영업,"['불상', '산책', '음식점', '신사', '사원', '쇼핑', '사진', '역사', '절', '골목', '옛날']",34.6679245858729,135.502638967686,3,5,예스러운 골목길을 따라가면 나타나는 친근한 분위기의 불교 사원으로 이끼로 덮인 부동명왕상이 유명합니다.
ABENO HARUKAS Art Museum,40.0,105.0,아트뮤지엄,https://media-cdn.tripadvisor.com/media/photo-s/13/40/2b/c6/caption.jpg,일본 〒545-6016 Osaka Abeno Ward Abenosuji 1 Chome−1−43 あべのハルカス 16階,〒545-6016 大阪府大阪市阿倍野区阿倍野筋１丁目１−43 あべのハルカス 16階,http://www.aham.jp/,+81 6-4399-9050,4.1,오전 10:00~오후 6:00,오전 10:00~오후 6:00,오전 10:00~오후 8:00,오전 10:00~오후 8:00,오전 10:00~오후 8:00,오전 10:00~오후 8:00,오전 10:00~오후 6:00,"['카페', '그림', '체험', '공원', '전시회', '박물관', '백화점', '작품', '사진', '쇼핑', '전망대', '애니메이션', '무료']",34.6464600946904,135.513306083026,11,60,일본에서 가장 높은 건물에 자리한 미술관으로 서양과 불교 예술 작품 순환 전시가 열립니다.
Diamor 오사카(지하),,,기타,https://search.pstatic.net/common/?src=http%3A%2F%2Fpost.phinf.naver.net%2FMjAyMzAyMTBfMjA1%2FMDAxNjc2MDEzODkzMzAz.nuUh9ZEVQX7KX2KbzK8TDgW_zC1_B695DZNDiZWBz14g.OcEEg5NB8pFNS3eG9Y9wMu7_chjZI8GD63ZrD5xskTsg.JPEG%2FII7dA7n7L5_-1y-fVsz7NLVlxeqA.jpg&type=a340,일본 〒530-0001 Osaka Kita Ward Umeda 1 Chome 大阪駅前ダイヤモンド地下街 1号,〒530-0001 大阪府大阪市北区梅田１丁目 大阪駅前ダイヤモンド地下街 1号,diamor.jp,+81 6-6348-8931,4.2,오전 10:00~오후 9:00,오전 10:00~오후 9:00,오전 10:00~오후 9:00,오전 10:00~오후 9:00,오전 10:00~오후 9:00,오전 10:00~오후 9:00,오전 10:00~오후 9:00,"['카페', '음식', '쇼핑몰', '음식점', '백화점', '광장', '휴식', '사진', '쇼핑', '옷']",34.7005121437617,135.497415325358,0,60,"우메다의 다른 지하상가인 「화이티 우메다」및 오사카 에키마에빌딩, 신한큐 빌딩, 오사카 마루빌딩, 한신전철 우메다역, JR토자이선 키타신치역과도 연결되어 있다."
Hozenji Yokocho,40.0,466.0,유서 깊은 산책로,https://media-cdn.tripadvisor.com/media/photo-s/0d/0d/ae/2f/caption.jpg,1 Chome-1-6 Nanba Chuo Ward Osaka 542-0076 일본,〒542-0076 大阪府大阪市中央区難波１丁目１−6,,,4.1,24시간 영업,24시간 영업,24시간 영업,24시간 영업,24시간 영업,24시간 영업,24시간 영업,"['불상', '산책', '음식점', '신사', '사원', '쇼핑', '사진', '역사', '절', '골목', '옛날']",34.6682232690547,135.502718281181,3,60,"이 좁은 자갈길에는 다양한 전통 음식 판매대, 카페, 선술집이 늘어서 있습니다."
Takimikoji,40.0,130.0,기타,https://media-cdn.tripadvisor.com/media/photo-s/0d/f3/1b/63/20161223-210617-largejpg.jpg,1 Chome-1-88 Oyodonaka Kita Ward Osaka 531-0076 일본,〒531-0076 大阪府大阪市北区大淀中１丁目１−88,http://www.takimikoji.jp/,+81 6-6440-3899,4.0,오전 11:30~오후 9:30,오전 11:30~오후 9:30,오전 11:30~오후 9:30,오전 11:30~오후 9:30,휴무일,오전 11:30~오후 9:30,오전 11:30~오후 9:30,"['목욕탕', '산책', '음식', '음식점', '신사', '자전거', '사진', '전망대', '골목', '옛날']",34.7049006930446,135.490559640699,0,90,1920년대 일본의 도시 풍경과 낭만을 재현한 이 식당가는 구시카츠(꼬치 튀김)와 오코노미야키(고향 팬케이크)와 같은 인기 있는 음식을 마음껏 즐길 수 있다.
