Name,star,num,type,address,image,Address,Local_Address,Internet_Address,Call_Number,Rating,Sun,Mon,Tues,Wedn,Thur,Fri,Sat,keyword,avgTime,lat,lng,exp,cluster
도쿄 타워,40.0,8273.0,건축물,"4 Chome-2-8 Shibakoen, Minato City, Tokyo 105-0011 일본",https://media-cdn.tripadvisor.com/media/photo-s/0a/2a/41/27/photo0jpg.jpg,"4 Chome-2-8 Shibakoen, Minato City, Tokyo 105-0011 일본",〒105-0011 東京都港区芝公園４丁目２−8,https://www.tokyotower.co.jp/,+81 3-3433-5111,4.4,오전 9:00~오후 10:30,오전 9:00~오후 10:30,오전 9:00~오후 10:30,오전 9:00~오후 10:30,오전 9:00~오후 10:30,오전 9:00~오후 10:30,오전 9:00~오후 10:30,"['카페', '무료', '야경', '체험', '공연', '공원', '기념품', '역사', '사진', '전망대', '쇼핑']",45.0,35.65863031,139.7454369,에펠탑을 연상시키는 이 랜드마크는 전망대와 다양한 어트랙션을 갖추고 있습니다.,11
메이지 신궁,45.0,8215.0,즐길거리 & 랜드마크,"1-1 Yoyogikamizonocho, Shibuya City, Tokyo 151-8557 일본",https://media-cdn.tripadvisor.com/media/photo-s/1a/30/73/a4/photo3jpg.jpg,"1-1 Yoyogikamizonocho, Shibuya City, Tokyo 151-8557 일본",〒151-8557 東京都渋谷区代々木神園町１−1,https://www.meijijingu.or.jp/,+81 3-337905511,4.6,오전 5:20~오후 5:20,오전 5:20~오후 5:20,오전 5:20~오후 5:20,오전 5:20~오후 5:20,오전 5:20~오후 5:20,오전 5:20~오후 5:20,오전 5:20~오후 5:20,"['카페', '무료', '신사', '사원', '산책', '공원', '전통', '기념품', '휴식', '역사', '사진', '쇼핑']",60.0,35.67714821,139.6990102,숲으로 둘러싸여 있는 이 신사에는 계절마다 변화하는 붓꽃 정원이 있습니다.,16
메이지 신궁 외원,40.0,717.0,즐길거리 & 랜드마크,"1-1 Kasumigaokamachi, Shinjuku City, Tokyo 160-0013 일본",https://dynamic-media-cdn.tripadvisor.com/media/photo-o/11/5c/93/22/caption.jpg?w=1100&h=500&s=1,"1-1 Kasumigaokamachi, Shinjuku City, Tokyo 160-0013 일본",〒160-0013 東京都新宿区霞ヶ丘町１−1,http://www.meijijingugaien.jp/,+81 3-3401-0312,4.3,24시간 영업,24시간 영업,24시간 영업,24시간 영업,24시간 영업,24시간 영업,24시간 영업,"['카페', '음식', '불꽃놀이', '음식점', '산책', '공원', '야구', '경기장', '휴식', '역사', '사진', '자전거', '옛날']",120.0,35.67738518,139.7169942,"실내 아이스 스케이트 링크, 골프 연습장, 야구장, 테니스장이 있는 유명한 공원입니다.",13
도쿄 스카이트리,40.0,8017.0,건축물,"1 Chome-1-2 Oshiage, Sumida City, Tokyo 131-0045 일본",https://media-cdn.tripadvisor.com/media/photo-s/17/32/e3/41/tokyo-skytree-tembo-galleria.jpg,"1 Chome-1-2 Oshiage, Sumida City, Tokyo 131-0045 일본",〒131-0045 東京都墨田区押上１丁目１−2,tokyo-skytree.jp,+81 570-550-634,4.4,오전 10:00~오후 9:00,오전 10:00~오후 9:00,오전 10:00~오후 9:00,오전 10:00~오후 9:00,오전 10:00~오후 9:00,오전 10:00~오후 9:00,오전 10:00~오후 9:00,"['카페', '무료', '야경', '음식점', '기념품', '사진', '쇼핑몰', '전망대', '쇼핑']",60.0,35.71033273,139.8107326,360도 전망을 자랑하는 전망대가 있는 세계에서 가장 높은 독립형 전파탑입니다.,14
도쿄 디즈니랜드,45.0,6948.0,놀이공원 & 테마파크 • 디즈니 파크 & 액티비티,"1-1 Maihama, Urayasu, Chiba 279-0031 일본",https://dynamic-media-cdn.tripadvisor.com/media/photo-o/16/05/fa/7c/tokyodisneyland.jpg?w=1100&h=500&s=1,"1-1 Maihama, Urayasu, Chiba 279-0031 일본",〒279-0031 千葉県浦安市舞浜1-1,tokyodisneyresort.jp,+81 45-330-5211,4.6,오전 8:00~오후 10:00,오전 8:00~오후 10:00,오전 8:00~오후 10:00,오전 8:00~오후 10:00,오전 8:00~오후 10:00,오전 8:00~오후 10:00,오전 8:00~오후 10:00,"['놀이기구', '음식', '불꽃놀이', '어트랙션', '공연', '어린이', '공원', '기념품', '퍼레이드', '사진', '성']",480.0,35.63307077,139.8804265,"놀이기구, 라이브쇼, 의상을 차려입은 캐릭터로 유명한 상징적인 도쿄 테마파크입니다.",0
센소지,45.0,9357.0,종교적인 장소,"2 Chome-3-1 Asakusa, Taito City, Tokyo 111-0032 일본",https://media-cdn.tripadvisor.com/media/photo-s/1a/3d/a5/07/caption.jpg,"2 Chome-3-1 Asakusa, Taito City, Tokyo 111-0032 일본",〒111-0032 東京都台東区浅草２丁目３−1,senso-ji.jp,+81 3-3842-0181,4.5,오전 6:30~오후 5:00,오전 6:30~오후 5:00,오전 6:30~오후 5:00,오전 6:30~오후 5:00,오전 6:30~오후 5:00,오전 6:30~오후 5:00,오전 6:30~오후 5:00,"['음식', '골목', '시장', '신사', '야경', '강', '사원', '무료', '체험', '산책', '먹거리', '기모노', '전통', '기념품', '역사', '사진', '절', '쇼핑']",60.0,35.71130632,139.7962929,도쿄에서 가장 오래되었으며 645년에 완공된 이 사원은 자비의 여신인 관음을 기리기 위해 세워졌습니다.,14
고쿄 히가시 교엔,40.0,2022.0,역사적인 장소 • 성 • 가든,"1-1 Chiyoda, Chiyoda City, Tokyo 100-8111 일본",https://dynamic-media-cdn.tripadvisor.com/media/photo-o/14/6a/95/6a/caption.jpg?w=1100&h=500&s=1,"1-1 Chiyoda, Chiyoda City, Tokyo 100-8111 일본",〒100-8111 東京都千代田区千代田１−1,kunaicho.go.jp,+81 3-3213-2050,4.4,오전 9:00~오후 4:30,휴무일,오전 9:00~오후 4:30,오전 9:00~오후 4:30,오전 9:00~오후 4:30,휴무일,오전 9:00~오후 4:30,"['무료', '꽃', '산책', '공원', '휴식', '역사', '사진', '광장', '성']",180.0,35.68693051,139.7571123,1888년에 지은 궁궐 내에 위치한 넓은 조경 정원과 에도 시대 성 유적입니다.,1
도쿄 디즈니씨,45.0,6396.0,놀이공원 & 테마파크,"1-13 Maihama, Urayasu, Chiba 279-8511 일본",https://media-cdn.tripadvisor.com/media/photo-s/16/05/f9/9d/tokyo-disneysea.jpg,"1-13 Maihama, Urayasu, Chiba 279-8511 일본",〒279-8511 千葉県浦安市舞浜1-13,tokyodisneyresort.jp,+81 570-008-632,4.6,오전 9:00~오후 9:00,오전 9:00~오후 9:00,오전 9:00~오후 9:00,오전 9:00~오후 9:00,오전 9:00~오후 9:00,오전 9:00~오후 9:00,오전 9:00~오후 9:00,"['놀이기구', '음식', '불꽃놀이', '체험', '어트랙션', '공연', '어린이', '바다', '공원', '기념품', '사진', '퍼레이드', '배']",480.0,35.6270478,139.8853968,"디즈니 리조트의 일부인 이 대규모 놀이공원에는 놀이기구, 쇼, 식사를 즐길 수 있는 7개의 테마 구역이 있습니다.",0
도쿄도청 전망대,45.0,5449.0,즐길거리 & 랜드마크 • 전망대 & 타워 • 공공기관 건물,"일본 〒163-8001 Tokyo, Shinjuku City, Nishishinjuku, 2 Chome−8−1 東京都庁第一本庁舎 45F",https://dynamic-media-cdn.tripadvisor.com/media/photo-o/14/4c/f6/cd/dsc-0470-largejpg.jpg?w=1100&h=400&s=1,"일본 〒163-8001 Tokyo, Shinjuku City, Nishishinjuku, 2 Chome−8−1 東京都庁第一本庁舎 45F",〒163-8001 東京都新宿区西新宿２丁目８−1 東京都庁第一本庁舎 45F,yokoso.metro.tokyo.lg.jp,+81 3-5320-7890,4.4,오전 9:00~오후 11:00,오전 9:00~오후 11:00,오전 9:00~오후 11:00,오전 9:00~오후 11:00,오전 9:00~오후 11:00,오전 9:00~오후 11:00,오전 9:00~오후 11:00,"['카페', '무료', '야경', '실내', '기념품', '사진', '전망대']",40.0,35.6898897,139.6917849,도쿄 도청사 꼭대기에 있는 공공 전망대로 기념품 상점이 있습니다.,16
에도도쿄건축정원,,,즐길거리 & 랜드마크,"3 Chome-7-1 Sakuracho, Koganei, Tokyo 184-0005 일본",https://search.pstatic.net/common/?src=http%3A%2F%2Fblogfiles.naver.net%2FMjAyMzAzMzBfMjk0%2FMDAxNjgwMTY0MDU2NTg2.2ctAn-xSMcElhMCw24rnZhTtzgkbN3FHvxKBqSa7T9Qg.rC2n_iUAEg9pi7wh4Ck_mHC7aI9FK4xedJueaOPYuqog.JPEG.ds5dkm%2F20230328_121649.jpg&type=sc960_832,"3 Chome-7-1 Sakuracho, Koganei, Tokyo 184-0005 일본",〒184-0005 東京都小金井市桜町３丁目７−1,tatemonoen.jp,+81 42-388-3300,4.4,오전 9:30~오후 5:30,오전 9:30~오후 5:30,오전 9:30~오후 5:30,오전 9:30~오후 5:30,오전 9:30~오후 5:30,오전 9:30~오후 5:30,오전 9:30~오후 5:30,"['카페', '박물관', '야외', '무료', '체험', '산책', '공원', '실내', '역사', '사진', '옛날', '목욕탕']",100.0,35.71565057,139.512597,"다양한 역사 시대에 걸친 여러 일본 건축물을 볼 수 있는 야외 박물관으로, 카페도 이용할 수 있습니다.",5
센소지 가미나리몬,,,즐길거리 & 랜드마크,"2 Chome-3-1 Asakusa, Taito City, Tokyo 111-0032 일본",https://search.pstatic.net/common/?src=http%3A%2F%2Fblogfiles.naver.net%2FMjAyMjExMDJfMTkx%2FMDAxNjY3MzM3NjI3ODA2.30izCcDC-RTDolX9eoFT7lrg8fY1DnhArWQbUqNX__cg.spvrnqsJFF4FybenNnK7dU0DRdaD3zR2hcbrXSZZPtIg.JPEG.jinlovesjin%2FIMG_4339.JPG&type=a340,"2 Chome-3-1 Asakusa, Taito City, Tokyo 111-0032 일본",〒111-0032 東京都台東区浅草２丁目３−1,senso-ji.jp,+81 3-3842-0181,4.4,24시간 영업,24시간 영업,24시간 영업,24시간 영업,24시간 영업,24시간 영업,24시간 영업,"['음식', '골목', '신사', '야경', '음식점', '사원', '체험', '선물', '산책', '먹거리', '기모노', '전통', '기념품', '역사', '사진', '옛날', '절', '쇼핑']",90.0,35.71122755,139.796423,3.9m 길이의 등불이 방문객을 맞이하는 센소지 입구의 웅장한 문입니다.,14
도쿄 국립신미술관,45.0,1308.0,아트뮤지엄,"3-1 Kitanomarukoen, Chiyoda City, Tokyo 102-8322 일본",https://media-cdn.tripadvisor.com/media/photo-s/0c/6a/f5/7f/dsc-0495-largejpg.jpg,"3-1 Kitanomarukoen, Chiyoda City, Tokyo 102-8322 일본",〒102-8322 東京都千代田区北の丸公園３−1,momat.go.jp,+81 50-5541-8600,4.3,오전 9:30~오후 5:00,휴무일,오전 9:30~오후 5:00,오전 9:30~오후 5:00,오전 9:30~오후 5:00,오전 9:30~오후 8:00,오전 9:30~오후 8:00,"['카페', '박물관', '무료', '산책', '실내', '기념품', '휴식', '사진', '작품', '그림', '전시회']",120.0,35.66547202,139.7263418,"현대적인 대규모 미술관으로, 일본과 세계 각국의 예술을 감상할 수 있는 단기 전시회가 열립니다.",13
시부야 스카이,,,건축물,"일본 〒150-6145 Tokyo, Shibuya City, Shibuya, 2 Chome−24−番 12号 14階・45階・46階・屋上 Shibuya Scramble Square",https://search.pstatic.net/common/?src=http%3A%2F%2Fblogfiles.naver.net%2FMjAyMjEyMDVfNzYg%2FMDAxNjcwMjAwNzczNTM2.FAr1iBgJ_Mp9pFe5X6TsSmJ66zCJPJ3HcoqjB2-6yr0g.cMv8o7pvvHoacXw7KM53DXlNFGMi_gbPGN6BhxugLF8g.JPEG.gsqlcti%2FIMG_0387.jpg&type=a340,"일본 〒150-6145 Tokyo, Shibuya City, Shibuya, 2 Chome−24−番 12号 14階・45階・46階・屋上 Shibuya Scramble Square",〒150-6145 東京都渋谷区渋谷２丁目２４−番 12号 14階・45階・46階・屋上 Shibuya Scramble Square,shibuya-scramble-square.com,+81 3-4221-0229,4.6,오전 10:00~오후 10:30,오전 10:00~오후 10:30,오전 10:00~오후 10:30,오전 10:00~오후 10:30,오전 10:00~오후 10:30,오전 10:00~오후 10:30,오전 10:00~오후 10:30,"['카페', '야외', '야경', '실내', '기념품', '사진', '전망대']",60.0,35.65865579,139.7021743,고층 건물인 시부야 스크램블 스퀘어의 옥상에 있는 360° 야외 전망대입니다.,3
야나카긴자,40.0,655.0,인근 지역,"3 Chome-13-1 Yanaka, Taito City, Tokyo 110-0001 일본",https://dynamic-media-cdn.tripadvisor.com/media/photo-o/0b/a1/d5/61/yanaka.jpg?w=1100&h=400&s=1,"3 Chome-13-1 Yanaka, Taito City, Tokyo 110-0001 일본",〒110-0001 東京都台東区谷中３丁目１３−1,yanakaginza.com,없음,4.1,오전 9:30~오전 12:00,오전 9:30~오전 12:00,오전 9:30~오전 12:00,오전 9:30~오전 12:00,오전 9:30~오전 12:00,오전 9:30~오전 12:00,오전 9:30~오전 12:00,"['카페', '음식', '골목', '시장', '신사', '음식점', '산책', '먹거리', '공원', '전통', '기념품', '사진', '술', '옛날', '절', '쇼핑']",180.0,35.72777433,139.7655952,1950년대부터 현재까지 운영 중인 전통 상점가로 약 60개의 상점과 레스토랑이 있습니다.,7
리쿠기엔,45.0,965.0,"공원,가든","6 Chome-16-3 Honkomagome, Bunkyo City, Tokyo 113-0021 일본",https://dynamic-media-cdn.tripadvisor.com/media/photo-o/0b/f9/30/7c/rikugien-garden.jpg?w=1100&h=500&s=1,"6 Chome-16-3 Honkomagome, Bunkyo City, Tokyo 113-0021 일본",〒113-0021 東京都文京区本駒込６丁目１６−3,tokyo-park.or.jp,+81 3-3941-2222,4.3,오전 9:00~오후 5:00,오전 9:00~오후 5:00,오전 9:00~오후 5:00,오전 9:00~오후 5:00,오전 9:00~오후 5:00,오전 9:00~오후 5:00,오전 9:00~오후 5:00,"['무료', '꽃', '산책', '공원', '휴식', '역사', '사진', '산']",60.0,35.73310851,139.7464532,"일본식 전통 조경, 여러 찻집과 중앙 연못이 어우러진 그림 같은 정원입니다.",15
롯폰기 힐스,40.0,1879.0,쇼핑몰,"6 Chome-10-1 Roppongi, Minato City, Tokyo 106-6108 일본",https://media-cdn.tripadvisor.com/media/photo-s/18/0f/28/8c/roppongi-hills.jpg,"6 Chome-10-1 Roppongi, Minato City, Tokyo 106-6108 일본",〒106-6108 東京都港区六本木６丁目１０−1,roppongihills.com,+81 3-6406-6000,4.2,24시간 영업,24시간 영업,24시간 영업,24시간 영업,24시간 영업,24시간 영업,24시간 영업,"['카페', '박물관', '음식', '야외', '무료', '야경', '음식점', '산책', '공원', '실내', '작품', '사진', '쇼핑몰', '전망대', '전시회', '쇼핑']",60.0,35.66030336,139.7301352,"사무실, 레스토랑, 미술관이 들어선 복합단지와 꼭대기에 전망대가 자리한 초고층 건물입니다.",13
레인보우 브리지,40.0,2172.0,브리지,"Minato City, Tokyo 105-0000 일본",https://media-cdn.tripadvisor.com/media/photo-c/320x120/0a/a4/c0/3c/caption.jpg,"Minato City, Tokyo 105-0000 일본",〒105-0000 東京都港区,shutoko.jp,+81 3-5463-0224,4.4,오전 10:00~오후 6:00,오전 10:00~오후 6:00,오전 10:00~오후 6:00,오전 10:00~오후 6:00,오전 10:00~오후 6:00,오전 10:00~오후 6:00,오전 10:00~오후 6:00,"['무료', '야경', '산책', '바다', '공원', '사진', '자전거', '배']",60.0,35.63682546,139.7631443,도쿄만을 가로지르는 현수교로 태양광을 사용하여 야간에 화려하게 조명이 켜집니다.,10
나카미세도리,,,즐길거리 & 랜드마크 • 전망대 & 타워 • 공공기관 건물,"1 Chome-36-3 Asakusa, Taito City, Tokyo 111-0032 일본",https://search.pstatic.net/common/?src=http%3A%2F%2Fblogfiles.naver.net%2F20130131_20%2Fewhalove_1359615623811OozHm_JPEG%2FIMG_9771.JPG&type=a340,"1 Chome-36-3 Asakusa, Taito City, Tokyo 111-0032 일본",〒111-0032 東京都台東区浅草１丁目３６−3,asakusa-nakamise.jp,+81 3-3844-3350,4.2,24시간 영업,24시간 영업,24시간 영업,24시간 영업,24시간 영업,24시간 영업,24시간 영업,"['음식', '골목', '선물', '기모노', '기념품', '사진', '옛날', '신사', '먹거리', '역사', '유카타', '그림', '인형', '절', '사원', '음식점', '시장', '산책', '전통', '쇼핑']",60.0,35.71199808,139.7964113,센소지의 정문과 본당을 연결하는 번화한 쇼핑가입니다.,14
간다 신사 (간다 묘진),,,종교적인 장소,"2 Chome-16-2 Sotokanda, Chiyoda City, Tokyo 101-0021 일본",https://search.pstatic.net/common/?src=https%3A%2F%2Fdbscthumb-phinf.pstatic.net%2F2765_000_57%2F20181017175850126_T16MVN9G7.jpg%2F9913275.jpg%3Ftype%3Dm4500_4500_fst&type=a340,"2 Chome-16-2 Sotokanda, Chiyoda City, Tokyo 101-0021 일본",〒101-0021 東京都千代田区外神田２丁目１６−2,kandamyoujin.or.jp,+81 3-3254-0753,4.4,24시간 영업,24시간 영업,24시간 영업,24시간 영업,24시간 영업,24시간 영업,24시간 영업,"['카페', '신사', '선물', '산책', '기념품', '역사', '사진', '애니메이션']",60.0,35.70214926,139.7686668,"1616년에 현재의 자리로 옮긴 숭엄한 신사로, 주색과 금색으로 화려하게 장식되어 있습니다.",7
스미다 공원,40.0,280.0,"공원,가든","1 Chome Hanakawado, Taito City, Tokyo 111-0033 일본",https://dynamic-media-cdn.tripadvisor.com/media/photo-o/1c/c7/64/7c/20210325-044528-2-largejpg.jpg?w=1000&h=-1&s=1,"1 Chome Hanakawado, Taito City, Tokyo 111-0033 일본",〒111-0033 東京都台東区花川戸１丁目,city.taito.lg.jp,+81 3-5246-1321,4.1,24시간 영업,24시간 영업,24시간 영업,24시간 영업,24시간 영업,24시간 영업,24시간 영업,"['카페', '놀이기구', '불꽃놀이', '꽃', '야경', '강', '산책', '공원', '휴식', '사진', '자전거', '광장', '배']",120.0,35.7109343,139.7982193,"강변에 자리한 공원으로 커피숍, 놀이터가 있으며 봄철 벚꽃 명소로도 유명합니다.",14
오다이바 해변공원,40.0,821.0,해변,"1 Chom1 Chome-4 Daiba, Minato City, Tokyo 135-0091 일본e Hanakawado, Taito City, Tokyo 111-0033 일본",https://media-cdn.tripadvisor.com/media/photo-s/12/b7/85/86/seaside-park.jpg,"1 Chom1 Chome-4 Daiba, Minato City, Tokyo 135-0091 일본e Hanakawado, Taito City, Tokyo 111-0033 일본",〒135-0091 東京都港区台場１丁目４,http://www.tptc.co.jp/park/01_02,+81 3-5500-2455,4.3,24시간 영업,24시간 영업,24시간 영업,24시간 영업,24시간 영업,24시간 영업,24시간 영업,"['카페', '음식', '불꽃놀이', '야경', '산책', '바다', '공원', '휴식', '사진', '쇼핑몰', '배', '쇼핑']",105.0,35.63356226,139.77467,레인보우 브리지와 시내 경관이 보이며 산책로와 작은 자유의 여신상이 있는 해안가의 녹지입니다.,10
모리 타워,45.0,1744.0,전망대 & 타워,"6 Chome-10-1 Roppongi, Minato City, Tokyo 106-0032 일본",https://media-cdn.tripadvisor.com/media/photo-c/320x120/13/2f/dc/f7/sky-deck.jpg,"6 Chome-10-1 Roppongi, Minato City, Tokyo 106-0032 일본",〒106-0032 東京都港区六本木６丁目１０−1,https://www.roppongihills.com/,+81 3-6406-6000,4.2,오전 11:00~오후 9:00,오전 11:00~오후 9:00,오전 11:00~오후 9:00,오전 11:00~오후 9:00,오전 11:00~오후 9:00,오전 11:00~오후 9:00,오전 11:00~오후 9:00,"['카페', '박물관', '무료', '야경', '음식점', '산책', '휴식', '작품', '사진', '쇼핑몰', '전망대', '전시회', '쇼핑']",75.0,35.66081293,139.7292495,"54층 높이의 오피스 타워로, 미술관, 전망대, 상점, 식당이 있습니다.",13
도쿄역,40.0,4244.0,건축물,"1 Chome Marunouchi, Chiyoda City, Tokyo 100-0005 일본",https://media-cdn.tripadvisor.com/media/photo-s/17/67/ba/cd/img-20190505-184931-largejpg.jpg,"1 Chome Marunouchi, Chiyoda City, Tokyo 100-0005 일본",〒100-0005 東京都千代田区丸の内１丁目,https://www.tokyoinfo.com/,없음,4.3,24시간 영업,24시간 영업,24시간 영업,24시간 영업,24시간 영업,24시간 영업,24시간 영업,"['음식', '음식점', '기념품', '역사', '사진', '옛날', '광장', '쇼핑']",30.0,35.68140614,139.7672428,"1914년에 개장한 일본 도쿄의 철도역. 위치는 도쿄도 치요다구 마루노우치1초메(1가). 일본 수도권의 주요 재래선들이 이 역에서 시종착하며, 특히 신칸센중 도카이도 신칸센과 도호쿠 신칸센이 이곳을 기점으로 운행한다.",1
도쿄돔,40.0,960.0,아레나 & 경기장,"1 Chome-3-61 Koraku, Bunkyo City, Tokyo 112-0004 일본",https://media-cdn.tripadvisor.com/media/photo-s/11/44/52/b1/caption.jpg,"1 Chome-3-61 Koraku, Bunkyo City, Tokyo 112-0004 일본",〒112-0004 東京都文京区後楽１丁目３−61,https://www.tokyo-dome.co.jp/dome/,+81 3-5800-9999,4.2,홈페이지 참조,홈페이지 참조,홈페이지 참조,홈페이지 참조,홈페이지 참조,홈페이지 참조,홈페이지 참조,"['놀이기구', '음식', '콘서트', '음식점', '공연', '게임', '공원', '야구', '경기장', '실내', '사진', '쇼핑']",150.0,35.70571798,139.7519342,"이 유명한 돔형 스타디움에서는 야구 경기를 비롯한 스포츠 이벤트, 콘서트, 전시회가 열립니다.",15
도쿄 돔 시티,40.0,759.0,놀이공원 & 테마파크,"1 Chome-3-61 Koraku, Bunkyo City, Tokyo 112-8575 일본",https://media-cdn.tripadvisor.com/media/photo-s/0a/33/d5/de/caption.jpg,"1 Chome-3-61 Koraku, Bunkyo City, Tokyo 112-8575 일본",〒112-8575 東京都文京区後楽１丁目３−61,http://www.tokyo-dome.co.jp/,+81 3-3817-6001,4.1,오전 10:00~오후 9:00,오전 10:00~오후 9:00,오전 10:00~오후 9:00,오전 10:00~오후 9:00,오전 10:00~오후 9:00,오전 10:00~오후 9:00,오전 10:00~오후 9:00,"['음식', '게임', '공원', '관람차', '휴식', '쇼핑몰', '스파', '옛날', '카페', '무료', '온천', '야경', '음식점', '체험', '어린이', '놀이기구', '콘서트', '어트랙션', '산책', '야구', '실내', '광장', '쇼핑']",90.0,35.70458174,139.7534071,"이 유명한 돔형 스타디움에서는 야구 경기를 비롯한 스포츠 이벤트, 콘서트, 전시회가 열립니다.",15
호피 거리,,,인근 지역,"2 Chome-3-19 Asakusa, Taito City, Tokyo 111-0032 일본",https://search.pstatic.net/common/?src=http%3A%2F%2Fblogfiles.naver.net%2FMjAxNzA2MjhfMjEx%2FMDAxNDk4NjU3MjA1NTE4.OicKWXw_mvaj0MJUrCASIfLbq0ORg7i4qf6m7Jiy6QIg.m3n7Kqkgd5ASU-gZIDIxBHM3-Vt3r8o315pyYuHBasog.JPEG.gosumpig%2FIMG_2503.JPG&type=a340,"2 Chome-3-19 Asakusa, Taito City, Tokyo 111-0032 일본",〒111-0032 東京都台東区浅草２丁目３−19,없음,없음,3.9,24시간 영업,24시간 영업,24시간 영업,24시간 영업,24시간 영업,24시간 영업,24시간 영업,"['음식', '골목', '술', '옛날', '절', '배']",120.0,36.44417369,140.0120181,저렴한 안주에 호피와 알콜을 마실 수 있는 곳 호피 거리입니다.,2
아사쿠사 신사,45.0,6111.0,인근 지역,"2 Chome-3-1 Asakusa, Taito City, Tokyo 111-0032 일본",https://media-cdn.tripadvisor.com/media/photo-s/18/4c/96/75/caption.jpg,"2 Chome-3-1 Asakusa, Taito City, Tokyo 111-0032 일본",〒111-0032 東京都台東区浅草２丁目３−1,http://www.asakusajinja.jp/,+81 3-3844-1575,4.4,오전 9:00~오후 4:00,오전 9:00~오후 4:00,오전 9:00~오후 4:00,오전 9:00~오후 4:00,오전 9:00~오후 4:00,오전 9:00~오후 4:00,오전 9:00~오후 4:00,"['음식', '시장', '신사', '꽃', '강', '사원', '산책', '먹거리', '기모노', '전통', '기념품', '역사', '사진', '인형', '절']",210.0,35.71515514,139.7974325,1649년에 지은 유명한 신사로 사원 단지에 있으며 5월에 산자마쓰리 축제가 열립니다.,14
도쿄도 현대미술관,40.0,252.0,아트뮤지엄,"4 Chome-1-1 Miyoshi, Koto City, Tokyo 135-0022 일본",https://media-cdn.tripadvisor.com/media/photo-s/17/13/37/03/3-3-29.jpg,"4 Chome-1-1 Miyoshi, Koto City, Tokyo 135-0022 일본",〒135-0022 東京都江東区三好４丁目１−1,https://www.mot-art-museum.jp/,+81 3-5245-4111,4.3,오전 10:00~오후 6:00,휴무일,오전 10:00~오후 6:00,오전 10:00~오후 6:00,오전 10:00~오후 6:00,오전 10:00~오후 6:00,오전 10:00~오후 6:00,"['카페', '박물관', '무료', '체험', '옷', '어린이', '산책', '공원', '기념품', '휴식', '사진', '작품', '그림', '전시회']",90.0,35.68081551,139.8090792,1990년대의 유서 깊은 건물에 일본과 전 세계 아티스트의 영구 소장 컬렉션과 순환 컬렉션이 전시되어 있습니다.,18
긴자 식스,45.0,4731.0,인근 지역,"6 Chome-10-1 Ginza, Chuo City, Tokyo 104-0061 일본",https://media-cdn.tripadvisor.com/media/photo-s/08/c7/2f/03/ginza.jpg,"6 Chome-10-1 Ginza, Chuo City, Tokyo 104-0061 일본",〒104-0061 東京都中央区銀座６丁目１０−1,https://ginza6.tokyo/,+81 3-6891-3390,3.9,오전 10:30~오후 8:30,오전 10:30~오후 8:30,오전 10:30~오후 8:30,오전 10:30~오후 8:30,오전 10:30~오후 8:30,오전 10:30~오후 8:30,오전 10:30~오후 8:30,"['카페', '백화점', '음식', '야경', '음식점', '선물', '산책', '기념품', '휴식', '사진', '쇼핑몰', '작품', '쇼핑']",150.0,35.66982148,139.764052,여러 명품 브랜드를 포함한 수백 개의 매장이 다목적 건물 내에서 영업 중이며 루프톱 정원도 있습니다.,9
도쿄 대학,40.0,519.0,유서 깊은 산책로,"7 Chome-3-1 Hongo, Bunkyo City, Tokyo 113-8654 일본",https://media-cdn.tripadvisor.com/media/photo-s/11/b8/fd/45/caption.jpg,"7 Chome-3-1 Hongo, Bunkyo City, Tokyo 113-8654 일본",〒113-8654 東京都文京区本郷７丁目３−1,https://www.u-tokyo.ac.jp/ja/index.html,+81 3-3812-2111,4.4,24시간 영업,24시간 영업,24시간 영업,24시간 영업,24시간 영업,24시간 영업,24시간 영업,"['산책', '공원', '역사', '사진', '옛날', '캠퍼스']",60.0,35.71280814,139.7620856,"1870년대에 설립된 유수의 연구 대학으로 인문, 사회 및 자연과학으로 유명합니다.",15
도쿄 빅사이트,35.0,681.0,건축물,"3 Chome-11-1 Ariake, Koto City, Tokyo 135-0063 일본",https://media-cdn.tripadvisor.com/media/photo-s/09/de/d0/02/caption.jpg,"3 Chome-11-1 Ariake, Koto City, Tokyo 135-0063 일본",〒135-0063 東京都江東区有明３丁目１１−1,http://www.bigsight.jp/,+81 3-5530-1111,3.9,오전 8:00~오후 8:00,오전 8:00~오후 8:00,오전 8:00~오후 8:00,오전 8:00~오후 8:00,오전 8:00~오후 8:00,오전 8:00~오후 8:00,오전 8:00~오후 8:00,"['카페', '음식', '시장', '무료', '음식점', '선물', '휴식', '박람회', '사진', '전시회']",90.0,35.63218467,139.7975067,도쿄 빅사이트는 일본 최대의 국제 전시장입니다. 일본을 견인하는 전시회 비즈니스의 무대로서 새로운 미래를 여는 '만남'과 '감동'을 고객님에게 제공합니다.,10
도쿄 국립 박물관,45.0,2206.0,아트뮤지엄,"13-9 Uenokoen, Taito City, Tokyo 110-8712 일본",https://media-cdn.tripadvisor.com/media/photo-s/1a/a1/3c/51/caption.jpg,"13-9 Uenokoen, Taito City, Tokyo 110-8712 일본",〒110-8712 東京都台東区上野公園１３−9,https://www.tnm.jp/,81 50-5541-8600,4.5,오전 9:30~오후 5:00,휴무일,오전 9:30~오후 5:00,오전 9:30~오후 5:00,오전 9:30~오후 5:00,오전 9:30~오후 5:00,오전 9:30~오후 5:00,"['박물관', '무료', '체험', '산책', '공원', '휴식', '역사', '사진', '작품', '그림', '전시회', '불상']",180.0,35.71896214,139.7765022,일본과 다른 아시아 국가의 예술 작품과 유물을 주로 선보이는 웅장한 박물관 단지입니다.,7
조죠지,40.0,2170.0,종교적인 장소,"4 Chome-7-35 Shibakoen, Minato City, Tokyo 105-0011 일본",https://media-cdn.tripadvisor.com/media/photo-s/06/d3/97/a2/zojoji-temple.jpg,"4 Chome-7-35 Shibakoen, Minato City, Tokyo 105-0011 일본",〒105-0011 東京都港区芝公園４丁目７−35,https://www.zojoji.or.jp/,+81 3-3432-1431,4.4,오전 9:00~오후 5:00,오전 9:00~오후 5:00,오전 9:00~오후 5:00,오전 9:00~오후 5:00,오전 9:00~오후 5:00,오전 9:00~오후 5:00,오전 9:00~오후 5:00,"['무료', '신사', '사원', '산책', '공원', '역사', '사진', '배', '절', '산']",90.0,35.65762717,139.7484215,"정토종 본당인 복합 단지로, 1600년대에 지은 화려한 건물이 있습니다.",11
시바 공원,40.0,372.0,공원,"4 Chome-10-17 Shibakoen, Minato City, Tokyo 105-0011 일본",https://media-cdn.tripadvisor.com/media/photo-s/0c/14/cd/de/caption.jpg,"4 Chome-10-17 Shibakoen, Minato City, Tokyo 105-0011 일본",〒105-0011 東京都港区芝公園４丁目１０−17,https://www.tokyo-park.or.jp/park/format/index001.html,+81 3-3431-4359,4.1,24시간 영업,24시간 영업,24시간 영업,24시간 영업,24시간 영업,24시간 영업,24시간 영업,"['놀이기구', '시장', '신사', '야경', '꽃', '사원', '산책', '공원', '휴식', '역사', '사진', '옛날', '광장', '절']",60.0,35.65516386,139.7479706,인공 협곡이 있는 조경이 잘 된 공원으로 폭포와 관상용 나무를 볼 수 있습니다.,11
우에노 공원,45.0,5260.0,공원,"Uenokoen, Taito City, Tokyo 110-0007 일본",https://media-cdn.tripadvisor.com/media/photo-s/22/9c/94/af/caption.jpg,"Uenokoen, Taito City, Tokyo 110-0007 일본",〒110-0007 東京都台東区上野公園,http://www.kensetsu.metro.tokyo.jp/jimusho/toubuk/ueno/kouenannai.html,+81 3-3828-5644,4.3,오전 5:00~오후 11:00,오전 5:00~오후 11:00,오전 5:00~오후 11:00,오전 5:00~오후 11:00,오전 5:00~오후 11:00,오전 5:00~오후 11:00,오전 5:00~오후 11:00,"['동물원', '박물관', '음식', '카페', '시장', '신사', '꽃', '사원', '공연', '산책', '공원', '휴식', '역사', '사진', '술', '옛날', '광장', '절']",480.0,35.71489505,139.7734527,"인기 있는 도시공원에 드넓은 산책로, 대여용 보트를 탈 수 있는 호수, 동물원, 여러 박물관이 있습니다.",7
Shibuya Scramble Crossing,40.0,7521.0,즐길거리 & 랜드마크,"일본 Tokyo, Shibuya City, 1 Chome",https://media-cdn.tripadvisor.com/media/photo-s/12/b4/50/7e/shibuya-pedestrian.jpg,"일본 Tokyo, Shibuya City, 1 Chome",東京都渋谷区1 Chome,없음,없음,4.4,24시간 영업,24시간 영업,24시간 영업,24시간 영업,24시간 영업,24시간 영업,24시간 영업,"['카페', '백화점', '야외', '음식', '야경', '음식점', '체험', '선물', '실내', '기념품', '사진', '쇼핑몰', '전망대', '쇼핑']",30.0,35.6596476,139.700506,시부야 스크램블 교차점은 일본 도쿄도 시부야구 시부야에 소재한 시부야역의 북서쪽 옆에 있는 대각선 횡단보도이다. ,3
신주쿠 교엔,45.0,6167.0,가든,"11 Naitomachi, Shinjuku City, Tokyo 160-0014 일본",https://media-cdn.tripadvisor.com/media/photo-s/1b/62/93/a0/caption.jpg,"11 Naitomachi, Shinjuku City, Tokyo 160-0014 일본",〒160-0014 東京都新宿区内藤町11,https://www.env.go.jp/garden/shinjukugyoen/index.html,+81 3-3350-0151,4.5,오전 9:00~오후 6:00,오전 9:00~오후 6:00,오전 9:00~오후 6:00,오전 9:00~오후 6:00,오전 9:00~오후 6:00,오전 9:00~오후 6:00,오전 9:00~오후 6:00,"['카페', '음식', '무료', '꽃', '산책', '공원', '휴식', '애니메이션', '사진', '식물원']",150.0,35.6853767,139.7100517,"옛 사유지에 조성된 0.58km² 규모의 공원으로 다양한 정원, 녹지, 온실을 둘러볼 수 있습니다.",16
도쿄 조이 폴리스,40.0,462.0,놀이공원 & 테마파크 • 게임 & 엔터테인먼트 센터,"일본 〒135-0091 Tokyo, Minato City, Daiba, 1 Chome−6−1 3F～5F DECKS Tokyo Beach",https://dynamic-media-cdn.tripadvisor.com/media/photo-o/0e/5a/fc/ea/caption.jpg?w=1100&h=500&s=1,"일본 〒135-0091 Tokyo, Minato City, Daiba, 1 Chome−6−1 3F～5F DECKS Tokyo Beach",〒135-0091 東京都港区台場１丁目６−1 3F～5F DECKS Tokyo Beach,http://tokyo-joypolis.com/,+81 3-5500-1801,4.1,오전 10:00~오후 8:00,오전 10:00~오후 8:00,오전 11:00~오후 7:00,오전 11:00~오후 7:00,오전 11:00~오후 7:00,오전 11:00~오후 7:00,오전 11:00~오후 7:00,"['카페', '놀이기구', '무료', '체험', '어트랙션', '어린이', '게임', '공원', '실내', '휴식', '애니메이션']",210.0,35.62881694,139.7754713,"롤러코스터, 아케이드 게임, 가상 현실 체험관이 있는 실내 놀이공원입니다.",10
킷테 마루노우치,,,,"2 Chome-7-2 Marunouchi, Chiyoda City, Tokyo 100-0005 일본",https://dynamic-media-cdn.tripadvisor.com/media/photo-o/0b/0f/ea/8b/kitte.jpg?w=1600&h=-1&s=1,"2 Chome-7-2 Marunouchi, Chiyoda City, Tokyo 100-0005 일본",〒100-0005 東京都千代田区丸の内２丁目７−2,https://marunouchi.jp-kitte.jp/,+81 3-3216-2811,4.0,오전 11:00~오후 8:00,오전 11:00~오후 8:00,오전 11:00~오후 8:00,오전 11:00~오후 8:00,오전 11:00~오후 8:00,오전 11:00~오후 8:00,오전 11:00~오후 8:00,"['카페', '박물관', '백화점', '음식', '무료', '야경', '음식점', '선물', '산책', '쇼핑몰', '실내', '휴식', '역사', '기념품', '사진', '전망대', '광장', '쇼핑']",80.0,35.67990285,139.7649723,"현대적인 고층 건물 7개 층에 걸쳐 상점, 레스토랑, 서비스 매장이 들어서 있는 세련된 쇼핑센터입니다.",1
오모테산도 힐즈,40.0,1937.0,인근 지역,"4 Chome-12 Jingumae, Shibuya City, Tokyo 150-0001 일본",https://media-cdn.tripadvisor.com/media/photo-s/08/61/1a/c5/omotesando.jpg,"4 Chome-12 Jingumae, Shibuya City, Tokyo 150-0001 일본",〒150-0001 東京都渋谷区神宮前４丁目１２,https://www.omotesandohills.com/,+81 3-3497-0310,3.9,오전 11:00~오후 11:00,오전 11:00~오후 11:00,오전 11:00~오후 11:00,오전 11:00~오후 11:00,오전 11:00~오후 11:00,오전 11:00~오후 11:00,오전 11:00~오후 11:00,"['카페', '백화점', '골목', '무료', '음식점', '옷', '선물', '산책', '휴식', '작품', '사진', '쇼핑몰', '옛날', '쇼핑']",210.0,35.66784542,139.7074667,독특한 삼각형 구조의 실내 쇼핑몰로 여러 층에 고급 상점이 들어서 있습니다.,3
네즈 미술관,45.0,874.0,아트뮤지엄,"6 Chome-5-1 Minamiaoyama, Minato City, Tokyo 107-0062 일본",https://media-cdn.tripadvisor.com/media/photo-s/0b/69/83/d8/caption.jpg,"6 Chome-5-1 Minamiaoyama, Minato City, Tokyo 107-0062 일본",〒107-0062 東京都港区南青山６丁目５−1,https://www.nezu-muse.or.jp/,+81 3-3400-2536,4.5,오전 10:00~오후 5:00,휴무일,오전 10:00~오후 5:00,휴무일,휴무일,휴무일,오전 10:00~오후 5:00,"['카페', '박물관', '꽃', '산책', '휴식', '역사', '사진', '작품', '그림', '전시회', '불상']",90.0,35.66249213,139.7172224,"다양한 방식으로 근대 이전의 예술품을 볼 수 있는 일본 및 동아시아 미술관으로, 카페와 선물 가게가 있습니다.",13
아메요코 쇼핑가,40.0,2734.0,벼룩시장 & 재래시장,"6 Chome-10 Ueno, Taito City, Tokyo 110-0005 일본",https://media-cdn.tripadvisor.com/media/photo-s/14/20/76/0f/caption.jpg,"6 Chome-10 Ueno, Taito City, Tokyo 110-0005 일본",〒110-0005 東京都台東区上野６丁目１０,http://www.ameyoko.net/,+81 3-3832-5053,4.2,24시간 영업,24시간 영업,24시간 영업,24시간 영업,24시간 영업,24시간 영업,24시간 영업,"['음식', '시장', '음식점', '옷', '산책', '전통', '기념품', '사진', '술', '옛날', '쇼핑']",150.0,35.70896926,139.7747048,"주로 의류, 신발, 음식 및 과일 과 같은 저렴한 상품을 판매하는 야외 쇼핑가입니다.",7
모리 미술관,45.0,1105.0,아트뮤지엄,"일본 〒106-6150 Tokyo, Minato City, Roppongi, 6 Chome−10−1, Roppongi Hills Mori Tower, 53階",https://media-cdn.tripadvisor.com/media/photo-s/17/2e/5e/ee/entrance-to-the-mori.jpg,"일본 〒106-6150 Tokyo, Minato City, Roppongi, 6 Chome−10−1, Roppongi Hills Mori Tower, 53階","〒106-6150 東京都港区六本木６丁目１０−1, Roppongi Hills Mori Tower, 53階",https://www.mori.art.museum/,81 50-5541-8600,4.3,오전 10:00~오후 10:00,오전 10:00~오후 10:00,오전 10:00~오후 10:00,오전 10:00~오후 10:00,오전 10:00~오후 10:00,오전 10:00~오후 10:00,오전 10:00~오후 10:00,"['카페', '박물관', '무료', '야경', '체험', '실내', '기념품', '애니메이션', '사진', '전망대', '작품', '전시회', '만화']",150.0,35.66080203,139.7289889,국제적인 현대 미술품을 순회 전시하는 모리 타워의 미술관입니다.,13
Tokyo Station Gallery,40.0,131.0,아트뮤지엄,"1 Chome-9-1 Marunouchi, Chiyoda City, Tokyo 100-0005 일본",https://media-cdn.tripadvisor.com/media/photo-s/06/eb/59/07/caption.jpg,"1 Chome-9-1 Marunouchi, Chiyoda City, Tokyo 100-0005 일본",〒100-0005 東京都千代田区丸の内１丁目９−1,http://www.ejrcf.or.jp/gallery/,+81 3-3212-2485,4.2,오전 10:00~오후 6:00,휴무일,오전 10:00~오후 6:00,오전 10:00~오후 6:00,오전 10:00~오후 6:00,오전 10:00~오후 6:00,오전 10:00~오후 6:00,"['박물관', '무료', '그림', '역사', '사진', '작품', '옛날', '전시회']",30.0,35.68254936,139.766515,유서 깊은 기차역에 자리한 미술관으로 현대적인 작품과 철도 정보가 전시되어 있습니다.,1
Street Kart Tokyo Bay,50.0,815.0,장비 대여,"2 Chome-10 Shinkiba, Koto City, Tokyo 136-0082 일본",https://media-cdn.tripadvisor.com/media/photo-s/1a/c4/e0/f5/tokyo.jpg,"2 Chome-10 Shinkiba, Koto City, Tokyo 136-0082 일본",〒136-0082 東京都江東区新木場２丁目１０,http://kart.st/,81 80-8899-8899,4.8,오전 10:00~오후 10:00,오전 10:00~오후 10:00,오전 10:00~오후 10:00,오전 10:00~오후 10:00,오전 10:00~오후 10:00,오전 10:00~오후 10:00,오전 10:00~오후 10:00,"['야경', '카트', '사진']",105.0,35.63810349,139.8244013,매우 흥미롭고 일본을 방문할 때 꼭 경험해야 할 경험입니다. Real Life Super Hero Go-Karting 경험을 실현하기 위해 특별히 맞춤 제작된 고카트를 타고 있는 자신을 상상해보세요!,19
쓰키시마 몬자거리,,,기타,"1 Chome-3-丁目 Tsukishima, Chuo City, Tokyo, 일본",https://dynamic-media-cdn.tripadvisor.com/media/photo-o/14/48/f6/b8/caption.jpg?w=1400&h=-1&s=1,"1 Chome-3-丁目 Tsukishima, Chuo City, Tokyo, 일본",東京都中央区月島１丁目３−丁目,http://www.monja.gr.jp/,+81 3-3532-1990,4.0,오전 10:00~오후 10:30,오전 10:00~오후 10:30,오전 10:00~오후 10:30,오전 10:00~오후 10:30,오전 10:00~오후 10:30,오전 10:00~오후 10:30,오전 10:00~오후 10:30,"['음식', '골목', '음식점', '산책', '사진', '자전거', '술', '옛날', '배']",240.0,35.66481415,139.7823391,걸쭉한 반죽에 토핑을 얹은 몬자야키 팬케이크를 판매하는 먹거리 상점이 늘어선 먹자골목입니다.,9
사쿠라 포토 스튜디오,50.0,28.0,게임 & 엔터테인먼트 센터,"鈴木ビル 2階, 1 Chome-12-12 Kaminarimon, Taito City, Tokyo 111-0034 일본",https://media-cdn.tripadvisor.com/media/photo-s/19/12/c0/e8/dsc1114-largejpg.jpg,"鈴木ビル 2階, 1 Chome-12-12 Kaminarimon, Taito City, Tokyo 111-0034 일본","鈴木ビル 2階, １丁目-１２-12 雷門 台東区 東京都 111-0034",http://www.sakuraphotokimono.com/,+81 3-6802-8814,4.9,오전 10:00~오후 6:00,오전 10:00~오후 6:00,오전 10:00~오후 6:00,오전 10:00~오후 6:00,오전 10:00~오후 6:00,오전 10:00~오후 6:00,오전 10:00~오후 6:00,"['강', '옷', '체험', '기모노', '사진', '유카타']",30.0,35.71028792,139.7945972,최고의 퀄리티를 자랑하는 사쿠라 포토 스튜디오 아사쿠사에서 기모노를 입고 좋은추억을 남기세요,14
하네다국제공항,40.0,1004.0,공항,"Hanedakuko, Ota City, Tokyo 144-0041 일본",https://dynamic-media-cdn.tripadvisor.com/media/photo-o/0a/de/c0/56/1460372965251-largejpg.jpg?w=1100&h=500&s=1,"Hanedakuko, Ota City, Tokyo 144-0041 일본",〒144-0041 東京都大田区羽田空港,http://www.tokyo-airport-bldg.co.jp/,+81 3-57570-8111,4.3,24시간 영업,24시간 영업,24시간 영업,24시간 영업,24시간 영업,24시간 영업,24시간 영업,"['음식', '무료', '음식점', '선물', '기념품', '사진', '전망대', '쇼핑']",0.0,35.54962013,139.7798279,도쿄 수도권 방문자들이 이용하는 바다 근처 공항으로 직통 도심 철도가 연결되어 있고 무료 Wi-Fi가 제공됩니다.,Nan
도쿄 소라마치,,,쇼핑몰,"1 Chome-1-2 Oshiage, Sumida City, Tokyo 131-0045 일본",https://search.pstatic.net/common/?src=http%3A%2F%2Fblogfiles.naver.net%2F20140512_236%2F1978mm_13998261819621Khhl_JPEG%2F%25B5%25B5%25C4%25EC_e01.jpg&type=a340,"1 Chome-1-2 Oshiage, Sumida City, Tokyo 131-0045 일본",〒131-0045 東京都墨田区押上１丁目１−2,http://www.tokyo-solamachi.jp/,+81 5-7055-0102,4.1,오전 10:00~오후 9:00,오전 10:00~오후 9:00,오전 10:00~오후 9:00,오전 10:00~오후 9:00,오전 10:00~오후 9:00,오전 10:00~오후 9:00,오전 10:00~오후 9:00,"['카페', '백화점', '음식', '무료', '야경', '음식점', '옷', '수족관', '선물', '산책', '기념품', '휴식', '사진', '쇼핑몰', '전망대', '쇼핑']",120.0,35.71039008,139.8118536,도쿄 스카이트리 타워에 위치한 다층 소매 단지로 300여 개 매장과 레스토랑이 있습니다.,14
미쓰비시1호관미술관,,,박물관,"2 Chome-6-2 Marunouchi, Chiyoda City, Tokyo 100-0005 일본",https://dynamic-media-cdn.tripadvisor.com/media/photo-o/07/c5/d7/8b/caption.jpg?w=2200&h=-1&s=1,"2 Chome-6-2 Marunouchi, Chiyoda City, Tokyo 100-0005 일본",〒100-0005 東京都千代田区丸の内２丁目６−2,http://mimt.jp/,+81 3-5777-8600,4.3,오전 10:00~오후 6:00,휴무일,오전 10:00~오후 6:00,오전 10:00~오후 6:00,오전 10:00~오후 6:00,오전 10:00~오후 6:00,오전 10:00~오후 6:00,"['카페', '박물관', '무료', '휴식', '역사', '사진', '작품', '그림', '전시회']",45.0,35.67912249,139.763226,앤 여왕 시대 양식의 웅장한 미술관으로 유럽 미술 컬렉션의 다양한 작품을 정기적으로 전시하며 카페와 정원이 있습니다.,1
도쿄도 미술관,40.0,542.0,아트뮤지엄,"8-36 Uenokoen, Taito City, Tokyo 110-0007 일본",https://media-cdn.tripadvisor.com/media/photo-s/15/0e/ad/35/caption.jpg,"8-36 Uenokoen, Taito City, Tokyo 110-0007 일본",〒110-0007 東京都台東区上野公園８−36,https://www.tobikan.jp/,+81 3-3823-6921,4.2,오전 9:30~오후 5:30,휴무일,오전 9:30~오후 5:30,오전 9:30~오후 5:30,오전 9:30~오후 5:30,오전 9:30~오후 5:30,오전 9:30~오후 5:30,"['동물원', '박물관', '카페', '무료', '산책', '공원', '기념품', '휴식', '역사', '사진', '작품', '그림', '전시회']",90.0,35.71740291,139.7730245,"전시실 6개, 카페, 레스토랑이 있으며 미술, 조각품, 사진을 전시한 박물관입니다.",7
다이마루 백화점 도쿄점,,,백화점,"1 Chome-9-1 Marunouchi, Chiyoda City, Tokyo 100-6701 일본",https://search.pstatic.net/common/?src=http%3A%2F%2Fblogfiles.naver.net%2FMjAyMjEwMjBfMjIy%2FMDAxNjY2MjQxNTM5Mjc3.E3QdmJ4DbgfGk6eQkaLNP87hVWE1fybij1zYnwxjGjMg.rFzD7U63bT4Y5bYn_hReBEWwKmMn9aCCq4Vl9sNyMcQg.JPEG.elsa_park%2FIMG_6768.jpg&type=a340,"1 Chome-9-1 Marunouchi, Chiyoda City, Tokyo 100-6701 일본",〒100-6701 東京都千代田区丸の内１丁目９−1,https://www.daimaru.co.jp/tokyo/,+81 3-3212-8011,4.0,오전 10:00~오후 8:00,오전 10:00~오후 8:00,오전 10:00~오후 8:00,오전 10:00~오후 8:00,오전 10:00~오후 8:00,오전 10:00~오후 8:00,오전 10:00~오후 8:00,"['카페', '백화점', '음식', '무료', '옷', '선물', '기념품', '술', '옛날', '쇼핑']",120.0,35.68164853,139.7696375,"다이마루 도쿄점 오피셜 계절마다의 행사·페어·세일이나, 미식·레이디스·뷰티·맨즈·스포츠·리빙·키즈·미술 등 기간 한정 숍·캠페인 등, 다양한 토픽의 최신 정보를 접해보세요.",1
미타카의 숲 지브리 미술관,45.0,1912.0,전문 박물관 • 아트뮤지엄,"1 Chome-1-83 Shimorenjaku, Mitaka, Tokyo 181-0013 일본",https://dynamic-media-cdn.tripadvisor.com/media/photo-o/0b/1a/cb/21/ghibli.jpg?w=1100&h=500&s=1,"1 Chome-1-83 Shimorenjaku, Mitaka, Tokyo 181-0013 일본",〒181-0013 東京都三鷹市下連雀１丁目１−83,https://www.ghibli-museum.jp/,+81 5-7005-5777,4.6,홈페이지 참조,홈페이지 참조,홈페이지 참조,홈페이지 참조,홈페이지 참조,홈페이지 참조,홈페이지 참조,"['카페', '박물관', '음식', '야외', '어린이', '산책', '공원', '실내', '극장', '기념품', '사진', '애니메이션', '작품', '그림']",150.0,35.69629896,139.5705604,"유명 애니메이션 스튜디오에 들어서 있는 독특한 박물관으로 내부에 놀이 공간, 극장, 루프톱 정원이 마련되어 있습니다.",12
도쿄 국립 근대 미술관,40.0,311.0,아트뮤지엄,"3-1 Kitanomarukoen, Chiyoda City, Tokyo 102-8322 일본",https://media-cdn.tripadvisor.com/media/photo-s/12/ef/24/15/caption.jpg,"3-1 Kitanomarukoen, Chiyoda City, Tokyo 102-8322 일본",〒102-8322 東京都千代田区北の丸公園３−1,없음,81 50-5541-8600,4.3,오전 9:30~오후 5:00,휴무일,오전 9:30~오후 5:00,오전 9:30~오후 5:00,오전 9:30~오후 5:00,오전 9:30~오후 5:00,오전 9:30~오후 5:00,"['카페', '박물관', '무료', '산책', '공원', '휴식', '역사', '사진', '작품', '그림', '전시회']",90.0,35.69070873,139.7547576,개조된 1969년도 갤러리로 메이지 시대(1868년) 초기에 제작된 일본 예술품을 소장하고 있습니다.,1
빅카메라 유라쿠초점,,,백화점,"1 Chome-11-1 Yurakucho, Chiyoda City, Tokyo 100-0006 일본",https://search.pstatic.net/common/?src=http%3A%2F%2Fblogfiles.naver.net%2FMjAxODA1MTFfMjM5%2FMDAxNTI2MDAyOTcxMTQw.Ow1DkH4HWCLUKCMZRfVkivszFuPed4LuXpsXNtz_PMwg.pstG-AqpNt4G3Tmq6gdKRDZ7gMbrny3IUSko7SgODU4g.JPEG.azaaaaaaaaaa%2FIMG_4186.jpg&type=a340,"1 Chome-11-1 Yurakucho, Chiyoda City, Tokyo 100-0006 일본",〒100-0006 東京都千代田区有楽町１丁目１１−1,https://www.biccamera.com/bc/i/shop/shoplist/shop014.jsp?ref=gmb,+81 3-5221-1111,3.8,오전 10:00~오후 9:00,오전 10:00~오후 9:00,오전 10:00~오후 9:00,오전 10:00~오후 9:00,오전 10:00~오후 9:00,오전 10:00~오후 9:00,오전 10:00~오후 9:00,"['백화점', '무료', '게임', '자전거', '술', '쇼핑']",75.0,35.67555568,139.7629839,"도쿄도""유라쿠초역""히비야구의 바로 눈앞!카메라, 에어컨·냉장고·세탁기 등의 가전, TV, PC, 오디오뿐만 아니라, 스포츠 용품, 약·일용품, 이불, 안경·콘택트 렌즈 등을 접해보세요!",1
네즈 신사,40.0,661.0,역사적인 장소,"1 Chome-28-9 Nezu, Bunkyo City, Tokyo 113-0031 일본",https://media-cdn.tripadvisor.com/media/photo-s/08/b7/f9/9d/caption.jpg,"1 Chome-28-9 Nezu, Bunkyo City, Tokyo 113-0031 일본",〒113-0031 東京都文京区根津１丁目２８−9,http://www.nedujinja.or.jp/,+81 3-3822-0753,4.3,오전 9:30~오후 5:30,오전 9:30~오후 5:30,오전 9:30~오후 5:30,오전 9:30~오후 5:30,오전 9:30~오후 5:30,오전 9:30~오후 5:30,오전 9:30~오후 5:30,"['신사', '꽃', '사원', '산책', '공원', '휴식', '역사', '사진', '옛날']",45.0,35.7201599,139.7608342,터널처럼 줄지어 선 도리이 문과 봄철 진달래로 유명한 한적한 신사입니다.,15
센가쿠 절,45.0,633.0,종교적인 장소,"2 Chome-11-1 Takanawa, Minato City, Tokyo 108-0074 일본",https://media-cdn.tripadvisor.com/media/photo-s/0f/29/22/50/dsc-4077-largejpg.jpg,"2 Chome-11-1 Takanawa, Minato City, Tokyo 108-0074 일본",〒108-0074 東京都港区高輪２丁目１１−1,http://www.sengakuji.or.jp/,+81 3-3441-5560,4.3,오전 7:00~오후 5:00,오전 7:00~오후 5:00,오전 7:00~오후 5:00,오전 7:00~오후 5:00,오전 7:00~오후 5:00,오전 7:00~오후 5:00,오전 7:00~오후 5:00,"['박물관', '사원', '산책', '기념품', '휴식', '역사', '사진', '옛날', '절']",90.0,35.64023943,139.7359685,센가쿠지는 추신구라에 등장할 정도로 역사적으로 유명한 장소이다.,11
쓰키지 수산시장,40.0,1898.0,즐길거리 & 랜드마크,"4 Chome-16-2 Tsukiji, Chuo City, Tokyo 104-0045 일본",https://dynamic-media-cdn.tripadvisor.com/media/daodao/photo-o/17/6d/38/84/6-30-1-10-2.jpg?w=1100&h=500&s=1,"4 Chome-16-2 Tsukiji, Chuo City, Tokyo 104-0045 일본",〒104-0045 東京都中央区築地４丁目１６−2,http://www.tsukiji.or.jp/,+81 3-3541-9444,4.1,오전 5:00~오후 3:00,오전 5:00~오후 3:00,오전 5:00~오후 3:00,오전 5:00~오후 3:00,오전 5:00~오후 3:00,오전 5:00~오후 3:00,오전 5:00~오후 3:00,"['음식', '골목', '시장', '배', '음식점', '산책', '먹거리', '기념품', '사진', '옛날', '쇼핑']",120.0,35.66529258,139.7696542,해산물을 판매하는 도매 및 소매상점과 편안한 분위기의 레스토랑과 카페가 있는 번화한 지역입니다.,9
스파 라쿠아,40.0,565.0,놀이공원 & 테마파크,"일본 〒112-0003 Tokyo, Bunkyo City, Kasuga, 1 Chome−1−1 ラクーアビル ６Ｆ",https://media-cdn.tripadvisor.com/media/photo-s/13/89/13/be/dsc04235-largejpg.jpg,"일본 〒112-0003 Tokyo, Bunkyo City, Kasuga, 1 Chome−1−1 ラクーアビル ６Ｆ",〒112-0003 東京都文京区春日１丁目１−1 ラクーアビル ６Ｆ,https://www.laqua.jp/spa/,+81 3-3817-4173,4.0,오전 11:00~오전 9:00,오전 11:00~오전 9:00,오전 11:00~오전 9:00,오전 11:00~오전 9:00,오전 11:00~오전 9:00,오전 11:00~오전 9:00,오전 11:00~오전 9:00,"['카페', '노천', '음식', '무료', '온천', '음식점', '사우나', '실내', '휴식', '스파', '목욕탕', '쇼핑']",150.0,35.70699622,139.7530189,"고요한 실내외 스파로 온천과 사우나, 마사지 욕조가 구비되어 있으며 하루 중 22시간 운영합니다.",15
도쿄 미드타운,40.0,939.0,쇼핑몰,"9 Chome-7-1 Akasaka, Minato City, Tokyo 107-0052 일본",https://dynamic-media-cdn.tripadvisor.com/media/daodao/photo-s/0c/85/1d/f2/photo0jpg.jpg?w=1100&h=500&s=1,"9 Chome-7-1 Akasaka, Minato City, Tokyo 107-0052 일본",〒107-0052 東京都港区赤坂９丁目７−1,http://www.tokyo-midtown.com/jp/,+81 3-3475-3100,4.1,오전 11:00~오후 9:00,오전 11:00~오후 9:00,오전 11:00~오후 9:00,오전 11:00~오후 9:00,오전 11:00~오후 9:00,오전 11:00~오후 9:00,오전 11:00~오후 9:00,"['카페', '박물관', '백화점', '음식', '무료', '야경', '음식점', '선물', '산책', '공원', '휴식', '사진', '쇼핑몰', '광장', '쇼핑']",150.0,35.67404068,139.7332743,"고급 매장, 다양한 레스토랑, 미술관, 녹지대가 있는 호화로운 쇼핑 단지입니다.",13
국립 서양 미술관,45.0,909.0,아트뮤지엄,"7 Chome-7-7 Uenokoen, Taito City, Tokyo 110-0007 일본",https://media-cdn.tripadvisor.com/media/photo-s/17/54/0c/ee/from-another-angle.jpg,"7 Chome-7-7 Uenokoen, Taito City, Tokyo 110-0007 일본",〒110-0007 東京都台東区上野公園７丁目７−7,https://www.nmwa.go.jp/jp/index.html,81 50-5541-8600,4.4,오전 9:30~오후 5:30,휴무일,오전 9:30~오후 5:30,오전 9:30~오후 5:30,오전 9:30~오후 5:30,오전 9:30~오후 5:30,오전 9:30~오후 5:30,"['카페', '박물관', '무료', '공원', '작품', '사진', '그림', '전시회']",90.0,35.71554367,139.7760284,"1959년에 개장한 국립 서양 미술관으로 르누아르, 반 고흐, 피카소, 모네 작품이 전시되어 있습니다.",7
도호 시네마즈 신주쿠,,,인근 지역,"일본 〒160-0021 Tokyo, Shinjuku City, Kabukicho, 1 Chome−19−1, Shinjuku Toho Building, ３階",https://search.pstatic.net/common/?src=http%3A%2F%2Fblogfiles.naver.net%2FMjAyMzAxMjJfNDMg%2FMDAxNjc0MzE1MjI1ODc2.Rt9Hw59-dQN5upqdHwe_9xjN_NJVA4BxlOCb4zMxTYQg.Ap_lFzlnoQGyEGsXh3Zs4hoBHn4k93wfEGUEhCKYCj4g.JPEG.o_ojune4th%2FIMG_5825.jpg&type=ofullfill340_600_png,"일본 〒160-0021 Tokyo, Shinjuku City, Kabukicho, 1 Chome−19−1, Shinjuku Toho Building, ３階","〒160-0021 東京都新宿区歌舞伎町１丁目１９−1, Shinjuku Toho Building, ３階",https://hlo.tohotheater.jp/net/schedule/076/TNPI2000J01.do,81 50-6868-5063,4.1,홈페이지 참조,홈페이지 참조,홈페이지 참조,홈페이지 참조,홈페이지 참조,홈페이지 참조,홈페이지 참조,"['음식', '무료', '음식점', '체험', '극장', '작품', '옛날']",150.0,35.69555468,139.702076,신주쿠 코마 극장 자리에 고질라 헤드가 출현하여 화제를 부른 신주쿠 도호 빌딩. 3~6층에 있는 12개의 스크린 약 2300석을 확보한 도내 최대급 영화관으로 IMAX 디지털 시어터와 프리미엄 고급 시트 등 최신 설비도 매력적이다.,16
신주쿠 골든 거리,,,신주쿠 골든 거리,"일본 〒160-0021 Tokyo, Shinjuku City, Kabukicho, 1 Chome−1−6 2F",https://search.pstatic.net/common/?src=http%3A%2F%2Fblogfiles.naver.net%2FMjAxOTEyMTZfMTYy%2FMDAxNTc2NDQ2OTI1MDMw.KNjHuuBH5agQoc7sbK3InfaNLDqvzkC0E951BLIGi24g.uNbQsDcFzrV1HZ-Shq_tgob7S1X3WhKOWYqks_BFz3gg.JPEG.bse3089%2FDSC02067.jpg&type=a340,"일본 〒160-0021 Tokyo, Shinjuku City, Kabukicho, 1 Chome−1−6 2F",〒160-0021 東京都新宿区歌舞伎町１丁目１−6 2F,http://goldengai.jp/,+81 3-3209-6418,4.3,24시간 영업,24시간 영업,24시간 영업,24시간 영업,24시간 영업,24시간 영업,24시간 영업,"['골목', '신사', '음식점', '체험', '산책', '사진', '술', '옛날']",60.0,35.69434703,139.7048577,"일본 제일의 환락가인 신주쿠 안에서도 유달리 인기 있는 술집 거리인 ""신주쿠 골든거리(ゴールデン街, 고르덴 가이)""입니다.",16
하마리큐 은사정원,4.5,1924.0,"공원,가든","1-1 Hamarikyuteien, Chuo City, Tokyo 104-0046 일본",https://dynamic-media-cdn.tripadvisor.com/media/photo-o/18/12/7b/10/hama-rikyu-gardens-are.jpg?w=1100&h=500&s=1,"1-1 Hamarikyuteien, Chuo City, Tokyo 104-0046 일본",〒104-0046 東京都中央区浜離宮庭園１−1,https://www.tokyo-park.or.jp/park/format/index028.html,+81 3-3541-0200,4.4,오전 9:00~오후 5:00,오전 9:00~오후 5:00,오전 9:00~오후 5:00,오전 9:00~오후 5:00,오전 9:00~오후 5:00,오전 9:00~오후 5:00,오전 9:00~오후 5:00,"['시장', '꽃', '무료', '산책', '바다', '공원', '휴식', '역사', '사진', '배']",120.0,35.66203868,139.7646941,연못이 있는 공원은 17세기 쇼군의 저택 부지에 에도 시대 양식으로 조성되었습니다.,9
Shibuya Center-Street,,,기타,"12-3 Udagawacho, Shibuya City, Tokyo 150-0042 일본",https://search.pstatic.net/common/?src=http%3A%2F%2Fblogfiles.naver.net%2F20120807_92%2Fsatsumakko86_1344325340887gUO46_JPEG%2Ftmyun_com_20120807_164214.jpg&type=a340,"12-3 Udagawacho, Shibuya City, Tokyo 150-0042 일본",〒150-0042 東京都渋谷区宇田川町１２−3,http://center-gai.jp/,+81 3-3461-3314,4.0,24시간 영업,24시간 영업,24시간 영업,24시간 영업,24시간 영업,24시간 영업,24시간 영업,"['음식', '음식점', '산책', '기념품', '사진', '술', '옛날', '쇼핑']",90.0,35.66012403,139.6997726,관광객과 현지인이 가득한 횡단보도로 유명한 도시 중심지입니다.,3
시나가와 수족관,40.0,434.0,수족관,"3 Chome-2-1 Katsushima, Shinagawa City, Tokyo 140-0012 일본",https://media-cdn.tripadvisor.com/media/photo-s/0f/07/5c/c5/img-20170420-120451-largejpg.jpg,"3 Chome-2-1 Katsushima, Shinagawa City, Tokyo 140-0012 일본",〒140-0012 東京都品川区勝島３丁目２−1,http://www.aquarium.gr.jp/,+81 3-3762-3433,4.1,오전 10:00~오후 5:00,오전 10:00~오후 5:00,휴무일,오전 10:00~오후 5:00,오전 10:00~오후 5:00,오전 10:00~오후 5:00,오전 10:00~오후 5:00,"['음식', '무료', '수족관', '체험', '어린이', '산책', '바다', '공원', '기념품', '휴식', '사진', '옛날']",150.0,35.58858067,139.7375543,자연공원에 있는 수족관으로 해양 생물에 관한 전시회와 수중 터널에서 열리는 동물 쇼를 볼 수 있습니다.,17
맥셀 아쿠아 파크 시나가와,,,수족관,"일본 〒108-8611 Tokyo, Minato City, Takanawa, 4 Chome−10−30 品川プリンスホテル内",https://search.pstatic.net/common/?src=http%3A%2F%2Fblogfiles.naver.net%2FMjAyMzAyMDVfNDIg%2FMDAxNjc1NjA1OTI0NDU2.jQjrtGkj_ecpzgmc1LbXEukW4boY6QI_A975gW5qN6sg.XYSAcJEF_5ACouDhnm8UEeo605U4QLdSLf_hXEgp1v0g.JPEG.bo39bo%2Foutput_2544686932.jpg&type=a340,"일본 〒108-8611 Tokyo, Minato City, Takanawa, 4 Chome−10−30 品川プリンスホテル内",〒108-8611 東京都港区高輪４丁目１０−30 品川プリンスホテル内,http://www.aqua-park.jp/aqua/,+81 3-5421-1111,4.3,오전 10:00~오후 7:30,오전 10:00~오후 7:30,오전 10:00~오후 7:30,오전 10:00~오후 7:30,오전 10:00~오후 7:30,오전 10:00~오후 7:30,오전 10:00~오후 7:30,"['놀이기구', '무료', '수족관', '어트랙션', '공연', '어린이', '수영장', '바다', '실내', '기념품', '사진', '배']",150.0,35.62828387,139.7352393,"화려한 조명의 수조, 펭귄, 물개, 돌고래 공연을 볼 수 있는 세련된 수족관으로 박물관도 있습니다.",11
오다이바 자유의 여신상,3.5,715.0,즐길거리 & 랜드마크 • 기념비 및 동상,"1 Chome-4-2 Daiba, Minato City, Tokyo 135-0091 일본",https://dynamic-media-cdn.tripadvisor.com/media/photo-o/28/e8/a5/cc/odaiba.jpg?w=1400&h=-1&s=1,"1 Chome-4-2 Daiba, Minato City, Tokyo 135-0091 일본",〒135-0091 東京都港区台場１丁目４−2,없음,없음,4.4,24시간 영업,24시간 영업,24시간 영업,24시간 영업,24시간 영업,24시간 영업,24시간 영업,"['무료', '야경', '선물', '산책', '바다', '공원', '휴식', '사진', '쇼핑몰', '전망대', '쇼핑']",30.0,35.62795116,139.7718453,"오다이바에 가면 도쿄만을 배경으로 뉴욕의 아이콘인 자유의 여신상 레플리카가 맞이해줍니다. 레인보우 브릿지를 향해 서 있는 이 여신상은 동일한 크기로 만들어졌다는 인상을 주지만, 사실은 뉴욕에 있는 오리지널 여신상과 비교해 약 1/7 크기입니다.",10
도쿄만 아쿠아라인 우미호타루,,,기타,"일본 〒292-0071 Chiba, Kisarazu, Nakajima, 地先 海ほたる",https://search.pstatic.net/common/?src=http%3A%2F%2Fblogfiles.naver.net%2F20130225_149%2Fiamryo_136177967100790Cp7_JPEG%2FDSC_2011.jpg&type=a340,"일본 〒292-0071 Chiba, Kisarazu, Nakajima, 地先 海ほたる",〒292-0071 千葉県木更津市中島 地先 海ほたる,https://www.umihotaru.com/,+81 4-3841-7401,4.0,24시간 영업,24시간 영업,24시간 영업,24시간 영업,24시간 영업,24시간 영업,24시간 영업,"['음식', '무료', '야경', '음식점', '선물', '게임', '산책', '바다', '기념품', '휴식', '사진', '배']",90.0,35.46451969,139.8741584,우미호타루는 세계에서 유일하게 바다 위에 있는 고속도로 휴게소입니다.,8
구 이와사키 저택 정원,40.0,314.0,역사적인 장소,"1 Chome-3-45 Ikenohata, Taito City, Tokyo 110-0008 일본",https://media-cdn.tripadvisor.com/media/photo-s/12/47/72/dc/caption.jpg,"1 Chome-3-45 Ikenohata, Taito City, Tokyo 110-0008 일본",〒110-0008 東京都台東区池之端１丁目３−45,https://www.tokyo-park.or.jp/park/format/index035.html,+81 3-3823-8340,4.2,오전 9:00~오후 5:00,오전 9:00~오후 5:00,오전 9:00~오후 5:00,오전 9:00~오후 5:00,오전 9:00~오후 5:00,오전 9:00~오후 5:00,오전 9:00~오후 5:00,"['카페', '무료', '산책', '공원', '실내', '역사', '사진', '옛날']",30.0,35.71003779,139.7676163,서양 및 일본식 건축물이 있는 이 정원과 부지는 입장료를 지불하고 방문할 수 있습니다.,7